Description,Author,Recipient,Date,Year,Location,Origin,Destination
"19 Mar 1502 to 26 Mar 1502: Pirckheimer, Caritas, 1467-1532 (Klarissenkloster St Klara, Nuremberg, Bavaria, Germany) to Pirckheimer, Willibald, 1470-1530 (Nuremberg, Bavaria, Germany)","Pirckheimer, Caritas, 1467-1532","Pirckheimer, Willibald, 1470-1530",1502-03-26T00:00:00Z,1502,,"Klarissenkloster St Klara, Nuremberg, Bavaria, Germany","Nuremberg, Bavaria, Germany"
"25 Apr 1502: Pirckheimer, Caritas, 1467-1532 (Klarissenkloster St Klara, Nuremberg, Bavaria, Germany) to Celtis, Konrad, 1459-1508","Pirckheimer, Caritas, 1467-1532","Celtis, Konrad, 1459-1508",1502-04-25T00:00:00Z,1502,,"Klarissenkloster St Klara, Nuremberg, Bavaria, Germany",
"5 Apr 1502 to 25 Apr 1502: Pirckheimer, Caritas, 1467-1532 (Klarissenkloster St Klara, Nuremberg, Bavaria, Germany) to Pirckheimer, Willibald, 1470-1530 (Nuremberg, Bavaria, Germany)","Pirckheimer, Caritas, 1467-1532","Pirckheimer, Willibald, 1470-1530",1502-04-25T00:00:00Z,1502,,"Klarissenkloster St Klara, Nuremberg, Bavaria, Germany","Nuremberg, Bavaria, Germany"
"1 Jan 1502 to 31 Dec 1502: Pirckheimer, Caritas, 1467-1532 (Klarissenkloster St Klara, Nuremberg, Bavaria, Germany) to Pirckheimer, Willibald, 1470-1530 (Nuremberg, Bavaria, Germany)","Pirckheimer, Caritas, 1467-1532","Pirckheimer, Willibald, 1470-1530",1502-12-31T00:00:00Z,1502,,"Klarissenkloster St Klara, Nuremberg, Bavaria, Germany","Nuremberg, Bavaria, Germany"
"21 Dec 1505: Pirckheimer, Sabina, 1482-1529 ~ Pirckheimer, Eufemia, 1486-1547 (Bergen Abbey, Bergen bei Neuburg, Neuburg an der Donau, Bavaria, Germany) to Pirckheimer, Willibald, 1470-1530 (Nuremberg, Bavaria, Germany)","Pirckheimer, Eufemia, 1486-1547; Pirckheimer, Sabina, 1482-1529","Pirckheimer, Willibald, 1470-1530",1505-12-21T00:00:00Z,1505,,"Bergen Abbey, Bergen bei Neuburg, Neuburg an der Donau, Bavaria, Germany","Nuremberg, Bavaria, Germany"
"9 Jan 1506: Habermayerin, Katharina, fl. 1488-1506 (Marienburg Abbey, Abenberg, Bavaria, Germany) to Pirckheimer, Willibald, 1470-1530 (Nuremberg, Bavaria, Germany)","Habermayerin, Katharina, fl. 1488-1506","Pirckheimer, Willibald, 1470-1530",1506-01-09T00:00:00Z,1506,,"Marienburg Abbey, Abenberg, Bavaria, Germany","Nuremberg, Bavaria, Germany"
"26 Jan 1506: Pirckheimer, Katharina (the elder), b.1476 (Geisenfeld Abbey, Geisenfeld, Bavaria, Germany) to Pirckheimer, Willibald, 1470-1530 (Nuremberg, Bavaria, Germany)","Pirckheimer, Katharina (the elder), b.1476","Pirckheimer, Willibald, 1470-1530",1506-01-26T00:00:00Z,1506,,"Geisenfeld Abbey, Geisenfeld, Bavaria, Germany","Nuremberg, Bavaria, Germany"
"2 Mar 1506: Murr, Eufemia von, d.1521 (Bergen Abbey, Bergen bei Neuburg, Neuburg an der Donau, Bavaria, Germany) to Pirckheimer, Willibald, 1470-1530 (Nuremberg, Bavaria, Germany)","Murr, Eufemia von, d.1521","Pirckheimer, Willibald, 1470-1530",1506-03-02T00:00:00Z,1506,,"Bergen Abbey, Bergen bei Neuburg, Neuburg an der Donau, Bavaria, Germany","Nuremberg, Bavaria, Germany"
"2 Mar 1506: Pirckheimer, Sabina, 1482-1529 ~ Pirckheimer, Eufemia, 1486-1547 (Bergen Abbey, Bergen bei Neuburg, Neuburg an der Donau, Bavaria, Germany) to Pirckheimer, Willibald, 1470-1530 (Nuremberg, Bavaria, Germany)","Pirckheimer, Eufemia, 1486-1547; Pirckheimer, Sabina, 1482-1529","Pirckheimer, Willibald, 1470-1530",1506-03-02T00:00:00Z,1506,,"Bergen Abbey, Bergen bei Neuburg, Neuburg an der Donau, Bavaria, Germany","Nuremberg, Bavaria, Germany"
"12 Mar 1506: Diethay, Elisabeth, fl. 1506 (Nördlingen, Bavaria, Germany) to Pirckheimer, Willibald, 1470-1530 (Nuremberg, Bavaria, Germany)","Diethay, Elisabeth, fl. 1506","Pirckheimer, Willibald, 1470-1530",1506-03-12T00:00:00Z,1506,,"Nördlingen, Bavaria, Germany","Nuremberg, Bavaria, Germany"
"14 May 1506: Pirckheimer, Katharina (the elder), b.1476 (Geisenfeld Abbey, Geisenfeld, Bavaria, Germany) to Pirckheimer, Willibald, 1470-1530 (Nuremberg, Bavaria, Germany)","Pirckheimer, Katharina (the elder), b.1476","Pirckheimer, Willibald, 1470-1530",1506-05-14T00:00:00Z,1506,,"Geisenfeld Abbey, Geisenfeld, Bavaria, Germany","Nuremberg, Bavaria, Germany"
"10 Jul 1506: Pirckheimer, Katharina (the elder), b.1476 (Geisenfeld Abbey, Geisenfeld, Bavaria, Germany) to Pirckheimer, Willibald, 1470-1530 (Nuremberg, Bavaria, Germany)","Pirckheimer, Katharina (the elder), b.1476","Pirckheimer, Willibald, 1470-1530",1506-07-10T00:00:00Z,1506,,"Geisenfeld Abbey, Geisenfeld, Bavaria, Germany","Nuremberg, Bavaria, Germany"
"23 Oct 1506: Pirckheimer, Sabina, 1482-1529 ~ Pirckheimer, Eufemia, 1486-1547 (Bergen Abbey, Bergen bei Neuburg, Neuburg an der Donau, Bavaria, Germany) to Pirckheimer, Willibald, 1470-1530 (Nuremberg, Bavaria, Germany)","Pirckheimer, Eufemia, 1486-1547; Pirckheimer, Sabina, 1482-1529","Pirckheimer, Willibald, 1470-1530",1506-10-23T00:00:00Z,1506,,"Bergen Abbey, Bergen bei Neuburg, Neuburg an der Donau, Bavaria, Germany","Nuremberg, Bavaria, Germany"
"12 Nov 1506: Pirckheimer, Katharina (the elder), b.1476 (Geisenfeld Abbey, Geisenfeld, Bavaria, Germany) to Pirckheimer, Willibald, 1470-1530 (Nuremberg, Bavaria, Germany)","Pirckheimer, Katharina (the elder), b.1476","Pirckheimer, Willibald, 1470-1530",1506-11-12T00:00:00Z,1506,,"Geisenfeld Abbey, Geisenfeld, Bavaria, Germany","Nuremberg, Bavaria, Germany"
"8 Feb 1507: Murr, Eufemia von, d.1521 (Bergen Abbey, Bergen bei Neuburg, Neuburg an der Donau, Bavaria, Germany) to Pirckheimer, Willibald, 1470-1530 (Nuremberg, Bavaria, Germany)","Murr, Eufemia von, d.1521","Pirckheimer, Willibald, 1470-1530",1507-02-08T00:00:00Z,1507,,"Bergen Abbey, Bergen bei Neuburg, Neuburg an der Donau, Bavaria, Germany","Nuremberg, Bavaria, Germany"
"11 Feb 1507: Herden, Katharina, d.1512 (Marienstein Abbey, Marienstein, Eichstätt, Bavaria, Germany) to Pirckheimer, Willibald, 1470-1530 (Nuremberg, Bavaria, Germany)","Herden, Katharina, d.1512","Pirckheimer, Willibald, 1470-1530",1507-02-11T00:00:00Z,1507,,"Marienstein Abbey, Marienstein, Eichstätt, Bavaria, Germany","Nuremberg, Bavaria, Germany"
"23 Feb 1507: Pirckheimer, Sabina, 1482-1529 ~ Pirckheimer, Eufemia, 1486-1547 (Bergen Abbey, Bergen bei Neuburg, Neuburg an der Donau, Bavaria, Germany) to Pirckheimer, Willibald, 1470-1530 (Nuremberg, Bavaria, Germany)","Pirckheimer, Eufemia, 1486-1547; Pirckheimer, Sabina, 1482-1529","Pirckheimer, Willibald, 1470-1530",1507-02-23T00:00:00Z,1507,,"Bergen Abbey, Bergen bei Neuburg, Neuburg an der Donau, Bavaria, Germany","Nuremberg, Bavaria, Germany"
"25 May 1507: Pirckheimer, Walburg, 1468-1541 (Munich, Bavaria, Germany) to Pirckheimer, Willibald, 1470-1530 (Nuremberg, Bavaria, Germany)","Pirckheimer, Walburg, 1468-1541","Pirckheimer, Willibald, 1470-1530",1507-05-25T00:00:00Z,1507,,"Munich, Bavaria, Germany","Nuremberg, Bavaria, Germany"
"27 Jun 1509 to 31 Dec 1512: Pirckheimer, Caritas, 1467-1532 (Klarissenkloster St Klara, Nuremberg, Bavaria, Germany) to Pirckheimer, Willibald, 1470-1530","Pirckheimer, Caritas, 1467-1532","Pirckheimer, Willibald, 1470-1530",1512-12-31T00:00:00Z,1509,,"Klarissenkloster St Klara, Nuremberg, Bavaria, Germany",
"27 Jun 1509 to 31 Dec 1512: Pirckheimer, Caritas, 1467-1532 (Klarissenkloster St Klara, Nuremberg, Bavaria, Germany) to Pirckheimer, Willibald, 1470-1530","Pirckheimer, Caritas, 1467-1532","Pirckheimer, Willibald, 1470-1530",1512-12-31T00:00:00Z,1509,,"Klarissenkloster St Klara, Nuremberg, Bavaria, Germany",
"1 Jul 1513 to 31 Jul 1513: Pirckheimer, Caritas, 1467-1532 (Klarissenkloster St Klara, Nuremberg, Bavaria, Germany) to Pirckheimer, Willibald, 1470-1530","Pirckheimer, Caritas, 1467-1532","Pirckheimer, Willibald, 1470-1530",1513-07-31T00:00:00Z,1513,,"Klarissenkloster St Klara, Nuremberg, Bavaria, Germany",
"15 Mar 1517: Thoe Schwartzenberg and Hohenlansberg, Francoise, 1705-1780 (Ingolstadt, Bavaria, Germany, (Holy Roman Empire)) to Pirckheimer, Willibald, 1470-1530 (Nuremberg, Bavaria, Germany)","Thoe Schwartzenberg and Hohenlansberg, Francoise, 1705-1780","Pirckheimer, Willibald, 1470-1530",1517-03-15T00:00:00Z,1517,,"Ingolstadt, Bavaria, Germany, (Holy Roman Empire)","Nuremberg, Bavaria, Germany"
"15 Jun 1517 to 15 Jul 1517: Pirckheimer, Klara, 1480-1533 (Nuremberg, Bavaria, Germany) to Pirckheimer, Willibald, 1470-1530 (Nuremberg, Bavaria, Germany)","Pirckheimer, Klara, 1480-1533","Pirckheimer, Willibald, 1470-1530",1517-07-15T00:00:00Z,1517,,"Nuremberg, Bavaria, Germany","Nuremberg, Bavaria, Germany"
"12 Dec 1517: Murr, Eufemia von, d.1521 (Bergen Abbey, Bergen bei Neuburg, Neuburg an der Donau, Bavaria, Germany) to Pirckheimer, Willibald, 1470-1530 (Nuremberg, Bavaria, Germany)","Murr, Eufemia von, d.1521","Pirckheimer, Willibald, 1470-1530",1517-12-12T00:00:00Z,1517,,"Bergen Abbey, Bergen bei Neuburg, Neuburg an der Donau, Bavaria, Germany","Nuremberg, Bavaria, Germany"
"12 Dec 1517: Pirckheimer, Sabina, 1482-1529 ~ Pirckheimer, Eufemia, 1486-1547 (Bergen Abbey, Bergen bei Neuburg, Neuburg an der Donau, Bavaria, Germany) to Pirckheimer, Willibald, 1470-1530 (Nuremberg, Bavaria, Germany)","Pirckheimer, Eufemia, 1486-1547; Pirckheimer, Sabina, 1482-1529","Pirckheimer, Willibald, 1470-1530",1517-12-12T00:00:00Z,1517,,"Bergen Abbey, Bergen bei Neuburg, Neuburg an der Donau, Bavaria, Germany","Nuremberg, Bavaria, Germany"
"1 Jan 1517 to 31 Dec 1517: Pirckheimer, Katharina (the younger), 1498-1563 (Klarissenkloster St Klara, Nuremberg, Bavaria, Germany) to Pirckheimer, Willibald, 1470-1530 (Nuremberg, Bavaria, Germany)","Pirckheimer, Katharina (the younger), 1498-1563","Pirckheimer, Willibald, 1470-1530",1517-12-31T00:00:00Z,1517,,"Klarissenkloster St Klara, Nuremberg, Bavaria, Germany","Nuremberg, Bavaria, Germany"
"1 Jan 1517 to 31 Dec 1517: Pirckheimer, Caritas, 1467-1532 (Klarissenkloster St Klara, Nuremberg, Bavaria, Germany) to Pirckheimer, Willibald, 1470-1530 (Nuremberg, Bavaria, Germany)","Pirckheimer, Caritas, 1467-1532","Pirckheimer, Willibald, 1470-1530",1517-12-31T00:00:00Z,1517,,"Klarissenkloster St Klara, Nuremberg, Bavaria, Germany","Nuremberg, Bavaria, Germany"
"1 Jan 1518 to 10 Jan 1518: Pirckheimer, Caritas (the younger), 1503-1554 (Bergen Abbey, Bergen bei Neuburg, Neuburg an der Donau, Bavaria, Germany) to Pirckheimer, Willibald, 1470-1530 (Nuremberg, Bavaria, Germany)","Pirckheimer, Caritas (the younger), 1503-1554","Pirckheimer, Willibald, 1470-1530",1518-01-10T00:00:00Z,1518,,"Bergen Abbey, Bergen bei Neuburg, Neuburg an der Donau, Bavaria, Germany","Nuremberg, Bavaria, Germany"
"25 Jan 1518: Pirckheimer, Sabina, 1482-1529 ~ Pirckheimer, Eufemia, 1486-1547 (Bergen Abbey, Bergen bei Neuburg, Neuburg an der Donau, Bavaria, Germany) to Pirckheimer, Willibald, 1470-1530 (Nuremberg, Bavaria, Germany)","Pirckheimer, Eufemia, 1486-1547; Pirckheimer, Sabina, 1482-1529","Pirckheimer, Willibald, 1470-1530",1518-01-25T00:00:00Z,1518,,"Bergen Abbey, Bergen bei Neuburg, Neuburg an der Donau, Bavaria, Germany","Nuremberg, Bavaria, Germany"
"23 Jan 1515 to 8 Feb 1518: Pirckheimer, Katharina (the younger), 1498-1563 (Klarissenkloster St Klara, Nuremberg, Bavaria, Germany) to Pirckheimer, Willibald, 1470-1530","Pirckheimer, Katharina (the younger), 1498-1563","Pirckheimer, Willibald, 1470-1530",1518-02-08T00:00:00Z,1515,,"Klarissenkloster St Klara, Nuremberg, Bavaria, Germany",
"1 Mar 1518: Pirckheimer, Katharina (the elder), b.1476 (Geisenfeld Abbey, Geisenfeld, Bavaria, Germany) to Pirckheimer, Willibald, 1470-1530 (Nuremberg, Bavaria, Germany)","Pirckheimer, Katharina (the elder), b.1476","Pirckheimer, Willibald, 1470-1530",1518-03-01T00:00:00Z,1518,,"Geisenfeld Abbey, Geisenfeld, Bavaria, Germany","Nuremberg, Bavaria, Germany"
"23 Apr 1518: Murr, Eufemia von, d.1521 (Bergen Abbey, Bergen bei Neuburg, Neuburg an der Donau, Bavaria, Germany) to Pirckheimer, Willibald, 1470-1530 (Nuremberg, Bavaria, Germany)","Murr, Eufemia von, d.1521","Pirckheimer, Willibald, 1470-1530",1518-04-23T00:00:00Z,1518,,"Bergen Abbey, Bergen bei Neuburg, Neuburg an der Donau, Bavaria, Germany","Nuremberg, Bavaria, Germany"
"13 Jul 1518: Pirckheimer, Katharina (the elder), b.1476 (Geisenfeld Abbey, Geisenfeld, Bavaria, Germany) to Pirckheimer, Willibald, 1470-1530 (Nuremberg, Bavaria, Germany)","Pirckheimer, Katharina (the elder), b.1476","Pirckheimer, Willibald, 1470-1530",1518-07-13T00:00:00Z,1518,,"Geisenfeld Abbey, Geisenfeld, Bavaria, Germany","Nuremberg, Bavaria, Germany"
"1 Jul 1518 to 31 Jul 1518: Pirckheimer, Caritas (the younger), 1503-1554 (Bergen Abbey, Bergen bei Neuburg, Neuburg an der Donau, Bavaria, Germany) to Pirckheimer, Willibald, 1470-1530 (Nuremberg, Bavaria, Germany)","Pirckheimer, Caritas (the younger), 1503-1554","Pirckheimer, Willibald, 1470-1530",1518-07-31T00:00:00Z,1518,,"Bergen Abbey, Bergen bei Neuburg, Neuburg an der Donau, Bavaria, Germany","Nuremberg, Bavaria, Germany"
"31 Aug 1518: Pirckheimer, Caritas, 1467-1532 (Nuremberg, Bavaria, Germany) to Nützel, Kaspar, 1471-1529","Pirckheimer, Caritas, 1467-1532","Nützel, Kaspar, 1471-1529",1518-08-31T00:00:00Z,1518,,"Nuremberg, Bavaria, Germany",
"3 Sep 1518: Pirckheimer, Caritas, 1467-1532 (Nuremberg, Bavaria, Germany) to Nützel, Kaspar, 1471-1529 ~ Spengler, Lazarus, 1479-1534 ~ Dürer, Albrecht, 1471-1528 (Augsburg, Bavaria, Germany)","Pirckheimer, Caritas, 1467-1532","Dürer, Albrecht, 1471-1528; Nützel, Kaspar, 1471-1529; Spengler, Lazarus, 1479-1534",1518-09-03T00:00:00Z,1518,,"Nuremberg, Bavaria, Germany","Augsburg, Bavaria, Germany"
"3 Sep 1518: Pirckheimer, Caritas, 1467-1532 (Nuremberg, Bavaria, Germany) to Dürer, Albrecht, 1471-1528 ~ Spengler, Lazarus, 1479-1534 ~ Nützel, Kaspar, 1471-1529 (Augsburg, Bavaria, Germany)","Pirckheimer, Caritas, 1467-1532","Dürer, Albrecht, 1471-1528; Nützel, Kaspar, 1471-1529; Spengler, Lazarus, 1479-1534",1518-09-03T00:00:00Z,1518,,"Nuremberg, Bavaria, Germany","Augsburg, Bavaria, Germany"
"6 Sep 1518: Murr, Eufemia von, d.1521 (Bergen Abbey, Bergen bei Neuburg, Neuburg an der Donau, Bavaria, Germany) to Pirckheimer, Willibald, 1470-1530 (Nuremberg, Bavaria, Germany)","Murr, Eufemia von, d.1521","Pirckheimer, Willibald, 1470-1530",1518-09-06T00:00:00Z,1518,,"Bergen Abbey, Bergen bei Neuburg, Neuburg an der Donau, Bavaria, Germany","Nuremberg, Bavaria, Germany"
"6 Sep 1518: Pirckheimer, Eufemia, 1486-1547 (Bergen Abbey, Bergen bei Neuburg, Neuburg an der Donau, Bavaria, Germany) to Pirckheimer, Willibald, 1470-1530 (Nuremberg, Bavaria, Germany)","Pirckheimer, Eufemia, 1486-1547","Pirckheimer, Willibald, 1470-1530",1518-09-06T00:00:00Z,1518,,"Bergen Abbey, Bergen bei Neuburg, Neuburg an der Donau, Bavaria, Germany","Nuremberg, Bavaria, Germany"
"30 Nov 1518: Pirckheimer, Sabina, 1482-1529 ~ Pirckheimer, Eufemia, 1486-1547 (Bergen Abbey, Bergen bei Neuburg, Neuburg an der Donau, Bavaria, Germany) to Pirckheimer, Willibald, 1470-1530 (Nuremberg, Bavaria, Germany)","Pirckheimer, Eufemia, 1486-1547; Pirckheimer, Sabina, 1482-1529","Pirckheimer, Willibald, 1470-1530",1518-11-30T00:00:00Z,1518,,"Bergen Abbey, Bergen bei Neuburg, Neuburg an der Donau, Bavaria, Germany","Nuremberg, Bavaria, Germany"
"1 Nov 1518 to 31 Dec 1518: Pirckheimer, Caritas (the younger), 1503-1554 (Bergen Abbey, Bergen bei Neuburg, Neuburg an der Donau, Bavaria, Germany) to Pirckheimer, Willibald, 1470-1530 (Nuremberg, Bavaria, Germany)","Pirckheimer, Caritas (the younger), 1503-1554","Pirckheimer, Willibald, 1470-1530",1518-12-31T00:00:00Z,1518,,"Bergen Abbey, Bergen bei Neuburg, Neuburg an der Donau, Bavaria, Germany","Nuremberg, Bavaria, Germany"
"18 Apr 1519 to 23 Apr 1519: Pirckheimer, Klara, 1480-1533 (Klarissenkloster St Klara, Nuremberg, Bavaria, Germany) to Pirckheimer, Willibald, 1470-1530 (Nuremberg, Bavaria, Germany)","Pirckheimer, Klara, 1480-1533","Pirckheimer, Willibald, 1470-1530",1519-04-23T00:00:00Z,1519,,"Klarissenkloster St Klara, Nuremberg, Bavaria, Germany","Nuremberg, Bavaria, Germany"
"17 Jul 1519 to 24 Jul 1519: Rauch, Margaretha, fl. 1519-1529 (Bamberg, Bavaria, Germany) to Pirckheimer, Willibald, 1470-1530 (Nuremberg, Bavaria, Germany)","Rauch, Margaretha, fl. 1519-1529","Pirckheimer, Willibald, 1470-1530",1519-07-24T00:00:00Z,1519,,"Bamberg, Bavaria, Germany","Nuremberg, Bavaria, Germany"
"20 Jul 1519 to 31 Jul 1519: Pirckheimer, Klara, 1480-1533 (Klarissenkloster St Klara, Nuremberg, Bavaria, Germany) to Pirckheimer, Willibald, 1470-1530 (Nuremberg, Bavaria, Germany)","Pirckheimer, Klara, 1480-1533","Pirckheimer, Willibald, 1470-1530",1519-07-31T00:00:00Z,1519,,"Klarissenkloster St Klara, Nuremberg, Bavaria, Germany","Nuremberg, Bavaria, Germany"
"1 Aug 1519 to 31 Aug 1519: Pirckheimer, Klara, 1480-1533 (Klarissenkloster St Klara, Nuremberg, Bavaria, Germany) to Pirckheimer, Willibald, 1470-1530 (Nuremberg, Bavaria, Germany)","Pirckheimer, Klara, 1480-1533","Pirckheimer, Willibald, 1470-1530",1519-08-31T00:00:00Z,1519,,"Klarissenkloster St Klara, Nuremberg, Bavaria, Germany","Nuremberg, Bavaria, Germany"
"25 Dec 1519: Pirckheimer, Caritas (the younger), 1503-1554 (Bergen Abbey, Bergen bei Neuburg, Neuburg an der Donau, Bavaria, Germany) to Pirckheimer, Willibald, 1470-1530 (Nuremberg, Bavaria, Germany)","Pirckheimer, Caritas (the younger), 1503-1554","Pirckheimer, Willibald, 1470-1530",1519-12-25T00:00:00Z,1519,,"Bergen Abbey, Bergen bei Neuburg, Neuburg an der Donau, Bavaria, Germany","Nuremberg, Bavaria, Germany"
"1 Jan 1519 to 31 Dec 1519: Pirckheimer, Caritas (the younger), 1503-1554 (Bergen Abbey, Bergen bei Neuburg, Neuburg an der Donau, Bavaria, Germany) to Pirckheimer, Willibald, 1470-1530 (Nuremberg, Bavaria, Germany)","Pirckheimer, Caritas (the younger), 1503-1554","Pirckheimer, Willibald, 1470-1530",1519-12-31T00:00:00Z,1519,,"Bergen Abbey, Bergen bei Neuburg, Neuburg an der Donau, Bavaria, Germany","Nuremberg, Bavaria, Germany"
"30 Jan 1520: Murr, Eufemia von, d.1521 (Bergen Abbey, Bergen bei Neuburg, Neuburg an der Donau, Bavaria, Germany) to Pirckheimer, Willibald, 1470-1530 (Nuremberg, Bavaria, Germany)","Murr, Eufemia von, d.1521","Pirckheimer, Willibald, 1470-1530",1520-01-30T00:00:00Z,1520,,"Bergen Abbey, Bergen bei Neuburg, Neuburg an der Donau, Bavaria, Germany","Nuremberg, Bavaria, Germany"
"30 Jan 1520 to 31 Jan 1520: Pirckheimer, Sabina, 1482-1529 ~ Pirckheimer, Eufemia, 1486-1547 (Bergen Abbey, Bergen bei Neuburg, Neuburg an der Donau, Bavaria, Germany) to Pirckheimer, Willibald, 1470-1530 (Nuremberg, Bavaria, Germany)","Pirckheimer, Eufemia, 1486-1547; Pirckheimer, Sabina, 1482-1529","Pirckheimer, Willibald, 1470-1530",1520-01-31T00:00:00Z,1520,,"Bergen Abbey, Bergen bei Neuburg, Neuburg an der Donau, Bavaria, Germany","Nuremberg, Bavaria, Germany"
"17 Apr 1520: Murr, Eufemia von, d.1521 (Bergen Abbey, Bergen bei Neuburg, Neuburg an der Donau, Bavaria, Germany) to Pirckheimer, Willibald, 1470-1530 (Nuremberg, Bavaria, Germany)","Murr, Eufemia von, d.1521","Pirckheimer, Willibald, 1470-1530",1520-04-17T00:00:00Z,1520,,"Bergen Abbey, Bergen bei Neuburg, Neuburg an der Donau, Bavaria, Germany","Nuremberg, Bavaria, Germany"
"10 Jun 1520: Pirckheimer, Sabina, 1482-1529 ~ Pirckheimer, Eufemia, 1486-1547 (Bergen Abbey, Bergen bei Neuburg, Neuburg an der Donau, Bavaria, Germany) to Pirckheimer, Willibald, 1470-1530 (Nuremberg, Bavaria, Germany)","Pirckheimer, Eufemia, 1486-1547; Pirckheimer, Sabina, 1482-1529","Pirckheimer, Willibald, 1470-1530",1520-06-10T00:00:00Z,1520,,"Bergen Abbey, Bergen bei Neuburg, Neuburg an der Donau, Bavaria, Germany","Nuremberg, Bavaria, Germany"
"25 Aug 1520: Geuder, Brigitta, d.1570 (Weißenburg in Bayern, Bavaria, Germany) to Pirckheimer, Willibald, 1470-1530 (Nuremberg, Bavaria, Germany)","Geuder, Brigitta, d.1570","Pirckheimer, Willibald, 1470-1530",1520-08-25T00:00:00Z,1520,,"Weißenburg in Bayern, Bavaria, Germany","Nuremberg, Bavaria, Germany"
"1 Sep 1521 to 30 Nov 1521: Pirckheimer, Caritas (the younger), 1503-1554 (Bergen Abbey, Bergen bei Neuburg, Neuburg an der Donau, Bavaria, Germany) to Pirckheimer, Willibald, 1470-1530 (Nuremberg, Bavaria, Germany)","Pirckheimer, Caritas (the younger), 1503-1554","Pirckheimer, Willibald, 1470-1530",1521-11-30T00:00:00Z,1521,,"Bergen Abbey, Bergen bei Neuburg, Neuburg an der Donau, Bavaria, Germany","Nuremberg, Bavaria, Germany"
"6 Jun 1522: Pirckheimer, Caritas, 1467-1532 (Nuremberg, Bavaria, Germany) to Emser, Hieronymus, 1479-1527","Pirckheimer, Caritas, 1467-1532","Emser, Hieronymus, 1479-1527",1522-06-06T00:00:00Z,1522,,"Nuremberg, Bavaria, Germany",
"1 Nov 1522 to 31 Dec 1522: Pirckheimer, Caritas (the younger), 1503-1554 (Bergen Abbey, Bergen bei Neuburg, Neuburg an der Donau, Bavaria, Germany) to Pirckheimer, Willibald, 1470-1530 (Nuremberg, Bavaria, Germany)","Pirckheimer, Caritas (the younger), 1503-1554","Pirckheimer, Willibald, 1470-1530",1522-12-31T00:00:00Z,1522,,"Bergen Abbey, Bergen bei Neuburg, Neuburg an der Donau, Bavaria, Germany","Nuremberg, Bavaria, Germany"
"29 Dec 1522 to 3 Jan 1523: Pirckheimer, Caritas (the younger), 1503-1554 (Bergen Abbey, Bergen bei Neuburg, Neuburg an der Donau, Bavaria, Germany) to Pirckheimer, Willibald, 1470-1530 (Nuremberg, Bavaria, Germany)","Pirckheimer, Caritas (the younger), 1503-1554","Pirckheimer, Willibald, 1470-1530",1523-01-03T00:00:00Z,1522,,"Bergen Abbey, Bergen bei Neuburg, Neuburg an der Donau, Bavaria, Germany","Nuremberg, Bavaria, Germany"
"1 Jan 1523 to 28 Feb 1523: Pirckheimer, Klara, 1480-1533 (Klarissenkloster St Klara, Nuremberg, Bavaria, Germany) to Pirckheimer, Willibald, 1470-1530 (Nuremberg, Bavaria, Germany)","Pirckheimer, Klara, 1480-1533","Pirckheimer, Willibald, 1470-1530",1523-02-28T00:00:00Z,1523,,"Klarissenkloster St Klara, Nuremberg, Bavaria, Germany","Nuremberg, Bavaria, Germany"
"20 Mar 1523 to 31 Mar 1523: Pirckheimer, Caritas (the younger), 1503-1554 (Bergen Abbey, Bergen bei Neuburg, Neuburg an der Donau, Bavaria, Germany) to Pirckheimer, Willibald, 1470-1530 (Nuremberg, Bavaria, Germany)","Pirckheimer, Caritas (the younger), 1503-1554","Pirckheimer, Willibald, 1470-1530",1523-03-31T00:00:00Z,1523,,"Bergen Abbey, Bergen bei Neuburg, Neuburg an der Donau, Bavaria, Germany","Nuremberg, Bavaria, Germany"
"20 Sep 1523: Grumbach, Argula von, 1492-1554 (Dietfurt an der Altmühl, Bavaria, Germany) to Ingolstadt, Dean and Regents of the University of, fl. 1520 (Ingolstadt, Bavaria, Germany, (Holy Roman Empire))","Grumbach, Argula von, 1492-1554","Ingolstadt, Dean and Regents of the University of, fl. 1520",1523-09-20T00:00:00Z,1523,,"Dietfurt an der Altmühl, Bavaria, Germany","Ingolstadt, Bavaria, Germany, (Holy Roman Empire)"
"20 Sep 1523: Grumbach, Argula von, 1492-1554 (Dietfurt an der Altmühl, Bavaria, Germany) to Wittelsbach, Wilhelm IV von, 1493-1550","Grumbach, Argula von, 1492-1554","Wittelsbach, Wilhelm IV von, 1493-1550",1523-09-20T00:00:00Z,1523,,"Dietfurt an der Altmühl, Bavaria, Germany",
"28 Oct 1523: Grumbach, Argula von, 1492-1554 (Burggrumbach, Bavaria, Germany) to Ingolstadt, Ministers, mayor, and council of, fl. 1521 (Ingolstadt, Bavaria, Germany, (Holy Roman Empire))","Grumbach, Argula von, 1492-1554","Ingolstadt, Ministers, mayor, and council of, fl. 1521",1523-10-28T00:00:00Z,1523,,"Burggrumbach, Bavaria, Germany","Ingolstadt, Bavaria, Germany, (Holy Roman Empire)"
"1 Dec 1523: Grumbach, Argula von, 1492-1554 (Nuremberg, Bavaria, Germany) to Simmern, Johann von, 1492-1557 (Nuremberg, Bavaria, Germany)","Grumbach, Argula von, 1492-1554","Simmern, Johann von, 1492-1557",1523-12-01T00:00:00Z,1523,,"Nuremberg, Bavaria, Germany","Nuremberg, Bavaria, Germany"
"1 Dec 1523: Grumbach, Argula von, 1492-1554 (Nuremberg, Bavaria, Germany) to Frederick III, Elector of Saxony, 1463-1525","Grumbach, Argula von, 1492-1554","Frederick III, Elector of Saxony, 1463-1525",1523-12-01T00:00:00Z,1523,,"Nuremberg, Bavaria, Germany",
"Dec 1523: Grumbach, Argula von, 1492-1554 (Burggrumbach, Bavaria, Germany) to Thering, Adam von, d.1529","Grumbach, Argula von, 1492-1554","Thering, Adam von, d.1529",1523-12-31T00:00:00Z,1523,,"Burggrumbach, Bavaria, Germany",
"2 Apr 1524: Pirckheimer, Sabina, 1482-1529 (Bergen Abbey, Bergen bei Neuburg, Neuburg an der Donau, Bavaria, Germany) to Pirckheimer, Willibald, 1470-1530 (Nuremberg, Bavaria, Germany)","Pirckheimer, Sabina, 1482-1529","Pirckheimer, Willibald, 1470-1530",1524-04-02T00:00:00Z,1524,,"Bergen Abbey, Bergen bei Neuburg, Neuburg an der Donau, Bavaria, Germany","Nuremberg, Bavaria, Germany"
"16 May 1524: Pirckheimer, Katharina (the younger), 1498-1563 (Klarissenkloster St Klara, Nuremberg, Bavaria, Germany) to Pirckheimer, Willibald, 1470-1530 (Nuremberg, Bavaria, Germany)","Pirckheimer, Katharina (the younger), 1498-1563","Pirckheimer, Willibald, 1470-1530",1524-05-16T00:00:00Z,1524,,"Klarissenkloster St Klara, Nuremberg, Bavaria, Germany","Nuremberg, Bavaria, Germany"
"29 Jun 1524: Grumbach, Argula von, 1492-1554 (Lenting, Bavaria, Germany) to Regensburg, mayor and city council of, fl. 1524 (Regensburg, Bavaria, Germany)","Grumbach, Argula von, 1492-1554","Regensburg, mayor and city council of, fl. 1524",1524-06-29T00:00:00Z,1524,,"Lenting, Bavaria, Germany","Regensburg, Bavaria, Germany"
"1 Jun 1524 to 30 Jun 1524: Pirckheimer, Katharina (the younger), 1498-1563 (Klarissenkloster St Klara, Nuremberg, Bavaria, Germany) to Pirckheimer, Willibald, 1470-1530 (Nuremberg, Bavaria, Germany)","Pirckheimer, Katharina (the younger), 1498-1563","Pirckheimer, Willibald, 1470-1530",1524-06-30T00:00:00Z,1524,,"Klarissenkloster St Klara, Nuremberg, Bavaria, Germany","Nuremberg, Bavaria, Germany"
"10 Jul 1524 to 20 Jul 1524: Pirckheimer, Caritas (the younger), 1503-1554 (Bergen Abbey, Bergen bei Neuburg, Neuburg an der Donau, Bavaria, Germany) to Pirckheimer, Willibald, 1470-1530 (Nuremberg, Bavaria, Germany)","Pirckheimer, Caritas (the younger), 1503-1554","Pirckheimer, Willibald, 1470-1530",1524-07-20T00:00:00Z,1524,,"Bergen Abbey, Bergen bei Neuburg, Neuburg an der Donau, Bavaria, Germany","Nuremberg, Bavaria, Germany"
"26 Jul 1524: Grumbach, Argula von, 1492-1554 (Lenting, Bavaria, Germany) to Auerbach, Moses von, fl. 1524","Grumbach, Argula von, 1492-1554","Auerbach, Moses von, fl. 1524",1524-07-26T00:00:00Z,1524,"Bayerisches Hauptstaatsarchiv, Staatlichen Archive Bayerns
Bayerisches Staatsarchiv München
Hauptstaatsarchiv, Geheimes Hausarchiv, Munich, München
Muenchen, Germany","Lenting, Bavaria, Germany",
"27 Jul 1524: Pirckheimer, Eufemia, 1486-1547 (Bergen Abbey, Bergen bei Neuburg, Neuburg an der Donau, Bavaria, Germany) to Pirckheimer, Willibald, 1470-1530 (Nuremberg, Bavaria, Germany)","Pirckheimer, Eufemia, 1486-1547","Pirckheimer, Willibald, 1470-1530",1524-07-27T00:00:00Z,1524,,"Bergen Abbey, Bergen bei Neuburg, Neuburg an der Donau, Bavaria, Germany","Nuremberg, Bavaria, Germany"
"9 Aug 1524: Pirckheimer, Sabina, 1482-1529 (Bergen Abbey, Bergen bei Neuburg, Neuburg an der Donau, Bavaria, Germany) to Pirckheimer, Willibald, 1470-1530 (Nuremberg, Bavaria, Germany)","Pirckheimer, Sabina, 1482-1529","Pirckheimer, Willibald, 1470-1530",1524-08-09T00:00:00Z,1524,,"Bergen Abbey, Bergen bei Neuburg, Neuburg an der Donau, Bavaria, Germany","Nuremberg, Bavaria, Germany"
"10 Aug 1524 to 17 Aug 1524: Pirckheimer, Eufemia, 1486-1547 (Bergen Abbey, Bergen bei Neuburg, Neuburg an der Donau, Bavaria, Germany) to Pirckheimer, Willibald, 1470-1530 (Nuremberg, Bavaria, Germany)","Pirckheimer, Eufemia, 1486-1547","Pirckheimer, Willibald, 1470-1530",1524-08-17T00:00:00Z,1524,,"Bergen Abbey, Bergen bei Neuburg, Neuburg an der Donau, Bavaria, Germany","Nuremberg, Bavaria, Germany"
"1 Jul 1524 to 31 Aug 1524: Pirckheimer, Caritas (the younger), 1503-1554 (Bergen Abbey, Bergen bei Neuburg, Neuburg an der Donau, Bavaria, Germany) to Pirckheimer, Willibald, 1470-1530 (Nuremberg, Bavaria, Germany)","Pirckheimer, Caritas (the younger), 1503-1554","Pirckheimer, Willibald, 1470-1530",1524-08-31T00:00:00Z,1524,,"Bergen Abbey, Bergen bei Neuburg, Neuburg an der Donau, Bavaria, Germany","Nuremberg, Bavaria, Germany"
"19 Nov 1524: Pirckheimer, Sabina, 1482-1529 (Bergen Abbey, Bergen bei Neuburg, Neuburg an der Donau, Bavaria, Germany) to Pirckheimer, Willibald, 1470-1530 (Nuremberg, Bavaria, Germany)","Pirckheimer, Sabina, 1482-1529","Pirckheimer, Willibald, 1470-1530",1524-11-19T00:00:00Z,1524,,"Bergen Abbey, Bergen bei Neuburg, Neuburg an der Donau, Bavaria, Germany","Nuremberg, Bavaria, Germany"
"20 Nov 1524 to 30 Nov 1524: Pirckheimer, Klara, 1480-1533 (Klarissenkloster St Klara, Nuremberg, Bavaria, Germany) to Pirckheimer, Willibald, 1470-1530 (Nuremberg, Bavaria, Germany)","Pirckheimer, Klara, 1480-1533","Pirckheimer, Willibald, 1470-1530",1524-11-30T00:00:00Z,1524,,"Klarissenkloster St Klara, Nuremberg, Bavaria, Germany","Nuremberg, Bavaria, Germany"
"2 Dec 1524: Pirckheimer, Klara, 1480-1533 (Klarissenkloster St Klara, Nuremberg, Bavaria, Germany) to Pirckheimer, Willibald, 1470-1530 (Nuremberg, Bavaria, Germany)","Pirckheimer, Klara, 1480-1533","Pirckheimer, Willibald, 1470-1530",1524-12-02T00:00:00Z,1524,,"Klarissenkloster St Klara, Nuremberg, Bavaria, Germany","Nuremberg, Bavaria, Germany"
"1 Jan 1524 to 24 Dec 1524: Pirckheimer, Katharina (the younger), 1498-1563 (Klarissenkloster St Klara, Nuremberg, Bavaria, Germany) to Pirckheimer, Willibald, 1470-1530 (Nuremberg, Bavaria, Germany)","Pirckheimer, Katharina (the younger), 1498-1563","Pirckheimer, Willibald, 1470-1530",1524-12-24T00:00:00Z,1524,,"Klarissenkloster St Klara, Nuremberg, Bavaria, Germany","Nuremberg, Bavaria, Germany"
"27 Nov 1524 to 31 Dec 1524: Pirckheimer, Katharina (the younger), 1498-1563 (Klarissenkloster St Klara, Nuremberg, Bavaria, Germany) to Pirckheimer, Willibald, 1470-1530 (Nuremberg, Bavaria, Germany)","Pirckheimer, Katharina (the younger), 1498-1563","Pirckheimer, Willibald, 1470-1530",1524-12-31T00:00:00Z,1524,,"Klarissenkloster St Klara, Nuremberg, Bavaria, Germany","Nuremberg, Bavaria, Germany"
"20 Feb 1525 to 28 Feb 1525: Pirckheimer, Klara, 1480-1533 (Klarissenkloster St Klara, Nuremberg, Bavaria, Germany) to Pirckheimer, Willibald, 1470-1530 (Nuremberg, Bavaria, Germany)","Pirckheimer, Klara, 1480-1533","Pirckheimer, Willibald, 1470-1530",1525-02-28T00:00:00Z,1525,,"Klarissenkloster St Klara, Nuremberg, Bavaria, Germany","Nuremberg, Bavaria, Germany"
"3 Mar 1525: Pirckheimer, Klara, 1480-1533 (Klarissenkloster St Klara, Nuremberg, Bavaria, Germany) to Pirckheimer, Willibald, 1470-1530 (Nuremberg, Bavaria, Germany)","Pirckheimer, Klara, 1480-1533","Pirckheimer, Willibald, 1470-1530",1525-03-03T00:00:00Z,1525,,"Klarissenkloster St Klara, Nuremberg, Bavaria, Germany","Nuremberg, Bavaria, Germany"
"22 Mar 1525: Pirckheimer, Klara, 1480-1533 (Klarissenkloster St Klara, Nuremberg, Bavaria, Germany) to Pirckheimer, Willibald, 1470-1530 (Nuremberg, Bavaria, Germany)","Pirckheimer, Klara, 1480-1533","Pirckheimer, Willibald, 1470-1530",1525-03-22T00:00:00Z,1525,,"Klarissenkloster St Klara, Nuremberg, Bavaria, Germany","Nuremberg, Bavaria, Germany"
"23 Mar 1525: Pirckheimer, Klara, 1480-1533 (Klarissenkloster St Klara, Nuremberg, Bavaria, Germany) to Pirckheimer, Willibald, 1470-1530 (Nuremberg, Bavaria, Germany)","Pirckheimer, Klara, 1480-1533","Pirckheimer, Willibald, 1470-1530",1525-03-23T00:00:00Z,1525,,"Klarissenkloster St Klara, Nuremberg, Bavaria, Germany","Nuremberg, Bavaria, Germany"
"26 Mar 1525: Pirckheimer, Klara, 1480-1533 (Klarissenkloster St Klara, Nuremberg, Bavaria, Germany) to Pirckheimer, Willibald, 1470-1530 (Nuremberg, Bavaria, Germany)","Pirckheimer, Klara, 1480-1533","Pirckheimer, Willibald, 1470-1530",1525-03-26T00:00:00Z,1525,,"Klarissenkloster St Klara, Nuremberg, Bavaria, Germany","Nuremberg, Bavaria, Germany"
"28 Mar 1525: Pirckheimer, Klara, 1480-1533 (Klarissenkloster St Klara, Nuremberg, Bavaria, Germany) to Pirckheimer, Willibald, 1470-1530 (Nuremberg, Bavaria, Germany)","Pirckheimer, Klara, 1480-1533","Pirckheimer, Willibald, 1470-1530",1525-03-28T00:00:00Z,1525,,"Klarissenkloster St Klara, Nuremberg, Bavaria, Germany","Nuremberg, Bavaria, Germany"
"1 Jan 1525 to 3 Apr 1525: Pirckheimer, Klara, 1480-1533 (Klarissenkloster St Klara, Nuremberg, Bavaria, Germany) to Pirckheimer, Willibald, 1470-1530 (Nuremberg, Bavaria, Germany)","Pirckheimer, Klara, 1480-1533","Pirckheimer, Willibald, 1470-1530",1525-04-03T00:00:00Z,1525,,"Klarissenkloster St Klara, Nuremberg, Bavaria, Germany","Nuremberg, Bavaria, Germany"
"6 Apr 1525: Pirckheimer, Sabina, 1482-1529 (Bergen Abbey, Bergen bei Neuburg, Neuburg an der Donau, Bavaria, Germany) to Pirckheimer, Willibald, 1470-1530 (Nuremberg, Bavaria, Germany)","Pirckheimer, Sabina, 1482-1529","Pirckheimer, Willibald, 1470-1530",1525-04-06T00:00:00Z,1525,,"Bergen Abbey, Bergen bei Neuburg, Neuburg an der Donau, Bavaria, Germany","Nuremberg, Bavaria, Germany"
"9 Apr 1525: Pirckheimer, Klara, 1480-1533 (Klarissenkloster St Klara, Nuremberg, Bavaria, Germany) to Pirckheimer, Willibald, 1470-1530 (Nuremberg, Bavaria, Germany)","Pirckheimer, Klara, 1480-1533","Pirckheimer, Willibald, 1470-1530",1525-04-09T00:00:00Z,1525,,"Klarissenkloster St Klara, Nuremberg, Bavaria, Germany","Nuremberg, Bavaria, Germany"
"15 Apr 1525: Pirckheimer, Klara, 1480-1533 (Klarissenkloster St Klara, Nuremberg, Bavaria, Germany) to Pirckheimer, Willibald, 1470-1530 (Nuremberg, Bavaria, Germany)","Pirckheimer, Klara, 1480-1533","Pirckheimer, Willibald, 1470-1530",1525-04-15T00:00:00Z,1525,,"Klarissenkloster St Klara, Nuremberg, Bavaria, Germany","Nuremberg, Bavaria, Germany"
"28 Apr 1525: Pirckheimer, Klara, 1480-1533 (Klarissenkloster St Klara, Nuremberg, Bavaria, Germany) to Pirckheimer, Willibald, 1470-1530 (Nuremberg, Bavaria, Germany)","Pirckheimer, Klara, 1480-1533","Pirckheimer, Willibald, 1470-1530",1525-04-28T00:00:00Z,1525,,"Klarissenkloster St Klara, Nuremberg, Bavaria, Germany","Nuremberg, Bavaria, Germany"
"20 May 1525: Pirckheimer, Sabina, 1482-1529 (Bergen Abbey, Bergen bei Neuburg, Neuburg an der Donau, Bavaria, Germany) to Pirckheimer, Willibald, 1470-1530 (Nuremberg, Bavaria, Germany)","Pirckheimer, Sabina, 1482-1529","Pirckheimer, Willibald, 1470-1530",1525-05-20T00:00:00Z,1525,,"Bergen Abbey, Bergen bei Neuburg, Neuburg an der Donau, Bavaria, Germany","Nuremberg, Bavaria, Germany"
"3 Jun 1525: Pirckheimer, Sabina, 1482-1529 (Bergen Abbey, Bergen bei Neuburg, Neuburg an der Donau, Bavaria, Germany) to Pirckheimer, Willibald, 1470-1530 (Nuremberg, Bavaria, Germany)","Pirckheimer, Sabina, 1482-1529","Pirckheimer, Willibald, 1470-1530",1525-06-03T00:00:00Z,1525,,"Bergen Abbey, Bergen bei Neuburg, Neuburg an der Donau, Bavaria, Germany","Nuremberg, Bavaria, Germany"
"11 Jun 1525: Pirckheimer, Klara, 1480-1533 (Klarissenkloster St Klara, Nuremberg, Bavaria, Germany) to Pirckheimer, Willibald, 1470-1530 (Nuremberg, Bavaria, Germany)","Pirckheimer, Klara, 1480-1533","Pirckheimer, Willibald, 1470-1530",1525-06-11T00:00:00Z,1525,,"Klarissenkloster St Klara, Nuremberg, Bavaria, Germany","Nuremberg, Bavaria, Germany"
"11 Jun 1525: Pirckheimer, Sabina, 1482-1529 (Bergen Abbey, Bergen bei Neuburg, Neuburg an der Donau, Bavaria, Germany) to Pirckheimer, Willibald, 1470-1530 (Nuremberg, Bavaria, Germany)","Pirckheimer, Sabina, 1482-1529","Pirckheimer, Willibald, 1470-1530",1525-06-11T00:00:00Z,1525,,"Bergen Abbey, Bergen bei Neuburg, Neuburg an der Donau, Bavaria, Germany","Nuremberg, Bavaria, Germany"
"11 Jun 1525: Pirckheimer, Katharina (the younger), 1498-1563 (Klarissenkloster St Klara, Nuremberg, Bavaria, Germany) to Pirckheimer, Willibald, 1470-1530 (Nuremberg, Bavaria, Germany)","Pirckheimer, Katharina (the younger), 1498-1563","Pirckheimer, Willibald, 1470-1530",1525-06-11T00:00:00Z,1525,,"Klarissenkloster St Klara, Nuremberg, Bavaria, Germany","Nuremberg, Bavaria, Germany"
"13 Jun 1525: Pirckheimer, Klara, 1480-1533 (Klarissenkloster St Klara, Nuremberg, Bavaria, Germany) to Pirckheimer, Willibald, 1470-1530 (Nuremberg, Bavaria, Germany)","Pirckheimer, Klara, 1480-1533","Pirckheimer, Willibald, 1470-1530",1525-06-13T00:00:00Z,1525,,"Klarissenkloster St Klara, Nuremberg, Bavaria, Germany","Nuremberg, Bavaria, Germany"
"24 Jun 1525: Pirckheimer, Klara, 1480-1533 (Klarissenkloster St Klara, Nuremberg, Bavaria, Germany) to Pirckheimer, Willibald, 1470-1530 (Nuremberg, Bavaria, Germany)","Pirckheimer, Klara, 1480-1533","Pirckheimer, Willibald, 1470-1530",1525-06-24T00:00:00Z,1525,,"Klarissenkloster St Klara, Nuremberg, Bavaria, Germany","Nuremberg, Bavaria, Germany"
"19 May 1525 to 27 Jun 1525: Pirckheimer, Katharina (the younger), 1498-1563 (Klarissenkloster St Klara, Nuremberg, Bavaria, Germany) to Pirckheimer, Willibald, 1470-1530 (Nuremberg, Bavaria, Germany)","Pirckheimer, Katharina (the younger), 1498-1563","Pirckheimer, Willibald, 1470-1530",1525-06-27T00:00:00Z,1525,,"Klarissenkloster St Klara, Nuremberg, Bavaria, Germany","Nuremberg, Bavaria, Germany"
"3 Jul 1525: Pirckheimer, Sabina, 1482-1529 (Bergen Abbey, Bergen bei Neuburg, Neuburg an der Donau, Bavaria, Germany) to Pirckheimer, Willibald, 1470-1530 (Nuremberg, Bavaria, Germany)","Pirckheimer, Sabina, 1482-1529","Pirckheimer, Willibald, 1470-1530",1525-07-03T00:00:00Z,1525,,"Bergen Abbey, Bergen bei Neuburg, Neuburg an der Donau, Bavaria, Germany","Nuremberg, Bavaria, Germany"
"20 Jul 1525: Pirckheimer, Sabina, 1482-1529 (Bergen Abbey, Bergen bei Neuburg, Neuburg an der Donau, Bavaria, Germany) to Pirckheimer, Willibald, 1470-1530 (Nuremberg, Bavaria, Germany)","Pirckheimer, Sabina, 1482-1529","Pirckheimer, Willibald, 1470-1530",1525-07-20T00:00:00Z,1525,,"Bergen Abbey, Bergen bei Neuburg, Neuburg an der Donau, Bavaria, Germany","Nuremberg, Bavaria, Germany"
"1 Aug 1525 to 15 Aug 1525: Pirckheimer, Sabina, 1482-1529 (Bergen Abbey, Bergen bei Neuburg, Neuburg an der Donau, Bavaria, Germany) to Pirckheimer, Willibald, 1470-1530 (Nuremberg, Bavaria, Germany)","Pirckheimer, Sabina, 1482-1529","Pirckheimer, Willibald, 1470-1530",1525-08-15T00:00:00Z,1525,,"Bergen Abbey, Bergen bei Neuburg, Neuburg an der Donau, Bavaria, Germany","Nuremberg, Bavaria, Germany"
"16 Jul 1525 to 31 Aug 1525: Pirckheimer, Caritas (the younger), 1503-1554 (Bergen Abbey, Bergen bei Neuburg, Neuburg an der Donau, Bavaria, Germany) to Pirckheimer, Willibald, 1470-1530 (Nuremberg, Bavaria, Germany)","Pirckheimer, Caritas (the younger), 1503-1554","Pirckheimer, Willibald, 1470-1530",1525-08-31T00:00:00Z,1525,,"Bergen Abbey, Bergen bei Neuburg, Neuburg an der Donau, Bavaria, Germany","Nuremberg, Bavaria, Germany"
"6 Sep 1525: Pirckheimer, Sabina, 1482-1529 (Bergen Abbey, Bergen bei Neuburg, Neuburg an der Donau, Bavaria, Germany) to Pirckheimer, Willibald, 1470-1530 (Nuremberg, Bavaria, Germany)","Pirckheimer, Sabina, 1482-1529","Pirckheimer, Willibald, 1470-1530",1525-09-06T00:00:00Z,1525,,"Bergen Abbey, Bergen bei Neuburg, Neuburg an der Donau, Bavaria, Germany","Nuremberg, Bavaria, Germany"
"10 Sep 1525 to 20 Sep 1525: Pirckheimer, Eufemia, 1486-1547 (Bergen Abbey, Bergen bei Neuburg, Neuburg an der Donau, Bavaria, Germany) to Pirckheimer, Willibald, 1470-1530 (Nuremberg, Bavaria, Germany)","Pirckheimer, Eufemia, 1486-1547","Pirckheimer, Willibald, 1470-1530",1525-09-20T00:00:00Z,1525,,"Bergen Abbey, Bergen bei Neuburg, Neuburg an der Donau, Bavaria, Germany","Nuremberg, Bavaria, Germany"
"13 Oct 1525: Pirckheimer, Sabina, 1482-1529 (Bergen Abbey, Bergen bei Neuburg, Neuburg an der Donau, Bavaria, Germany) to Pirckheimer, Willibald, 1470-1530 (Nuremberg, Bavaria, Germany)","Pirckheimer, Sabina, 1482-1529","Pirckheimer, Willibald, 1470-1530",1525-10-13T00:00:00Z,1525,,"Bergen Abbey, Bergen bei Neuburg, Neuburg an der Donau, Bavaria, Germany","Nuremberg, Bavaria, Germany"
"29 Oct 1525 to 4 Nov 1525: Pirckheimer, Katharina (the younger), 1498-1563 (Klarissenkloster St Klara, Nuremberg, Bavaria, Germany) to Pirckheimer, Willibald, 1470-1530 (Nuremberg, Bavaria, Germany)","Pirckheimer, Katharina (the younger), 1498-1563","Pirckheimer, Willibald, 1470-1530",1525-11-04T00:00:00Z,1525,,"Klarissenkloster St Klara, Nuremberg, Bavaria, Germany","Nuremberg, Bavaria, Germany"
"10 Nov 1525 to 20 Nov 1525: Pirckheimer, Klara, 1480-1533 (Klarissenkloster St Klara, Nuremberg, Bavaria, Germany) to Pirckheimer, Willibald, 1470-1530 (Nuremberg, Bavaria, Germany)","Pirckheimer, Klara, 1480-1533","Pirckheimer, Willibald, 1470-1530",1525-11-20T00:00:00Z,1525,,"Klarissenkloster St Klara, Nuremberg, Bavaria, Germany","Nuremberg, Bavaria, Germany"
"1 Sep 1525 to 30 Nov 1525: Pirckheimer, Caritas (the younger), 1503-1554 (Bergen Abbey, Bergen bei Neuburg, Neuburg an der Donau, Bavaria, Germany) to Pirckheimer, Willibald, 1470-1530 (Nuremberg, Bavaria, Germany)","Pirckheimer, Caritas (the younger), 1503-1554","Pirckheimer, Willibald, 1470-1530",1525-11-30T00:00:00Z,1525,,"Bergen Abbey, Bergen bei Neuburg, Neuburg an der Donau, Bavaria, Germany","Nuremberg, Bavaria, Germany"
"1 Dec 1525 to 15 Dec 1525: Pirckheimer, Klara, 1480-1533 (Klarissenkloster St Klara, Nuremberg, Bavaria, Germany) to Pirckheimer, Willibald, 1470-1530 (Nuremberg, Bavaria, Germany)","Pirckheimer, Klara, 1480-1533","Pirckheimer, Willibald, 1470-1530",1525-12-15T00:00:00Z,1525,,"Klarissenkloster St Klara, Nuremberg, Bavaria, Germany","Nuremberg, Bavaria, Germany"
"24 Dec 1525: Pirckheimer, Katharina (the elder), b.1476 (Geisenfeld Abbey, Geisenfeld, Bavaria, Germany) to Pirckheimer, Willibald, 1470-1530 (Nuremberg, Bavaria, Germany)","Pirckheimer, Katharina (the elder), b.1476","Pirckheimer, Willibald, 1470-1530",1525-12-24T00:00:00Z,1525,,"Geisenfeld Abbey, Geisenfeld, Bavaria, Germany","Nuremberg, Bavaria, Germany"
"10 Jun 1525 to 31 Dec 1525: Pirckheimer, Klara, 1480-1533 (Klarissenkloster St Klara, Nuremberg, Bavaria, Germany) to Pirckheimer, Willibald, 1470-1530 (Nuremberg, Bavaria, Germany)","Pirckheimer, Klara, 1480-1533","Pirckheimer, Willibald, 1470-1530",1525-12-31T00:00:00Z,1525,,"Klarissenkloster St Klara, Nuremberg, Bavaria, Germany","Nuremberg, Bavaria, Germany"
"15 Jun 1525 to 31 Dec 1525: Pirckheimer, Klara, 1480-1533 (Klarissenkloster St Klara, Nuremberg, Bavaria, Germany) to Pirckheimer, Willibald, 1470-1530 (Nuremberg, Bavaria, Germany)","Pirckheimer, Klara, 1480-1533","Pirckheimer, Willibald, 1470-1530",1525-12-31T00:00:00Z,1525,,"Klarissenkloster St Klara, Nuremberg, Bavaria, Germany","Nuremberg, Bavaria, Germany"
"25 Jun 1525 to 31 Dec 1525: Pirckheimer, Klara, 1480-1533 (Klarissenkloster St Klara, Nuremberg, Bavaria, Germany) to Pirckheimer, Willibald, 1470-1530 (Nuremberg, Bavaria, Germany)","Pirckheimer, Klara, 1480-1533","Pirckheimer, Willibald, 1470-1530",1525-12-31T00:00:00Z,1525,,"Klarissenkloster St Klara, Nuremberg, Bavaria, Germany","Nuremberg, Bavaria, Germany"
"20 Aug 1525 to 31 Dec 1525: Pirckheimer, Klara, 1480-1533 (Klarissenkloster St Klara, Nuremberg, Bavaria, Germany) to Pirckheimer, Willibald, 1470-1530 (Nuremberg, Bavaria, Germany)","Pirckheimer, Klara, 1480-1533","Pirckheimer, Willibald, 1470-1530",1525-12-31T00:00:00Z,1525,,"Klarissenkloster St Klara, Nuremberg, Bavaria, Germany","Nuremberg, Bavaria, Germany"
"1 Nov 1525 to 31 Dec 1525: Pirckheimer, Klara, 1480-1533 (Klarissenkloster St Klara, Nuremberg, Bavaria, Germany) to Pirckheimer, Willibald, 1470-1530 (Nuremberg, Bavaria, Germany)","Pirckheimer, Klara, 1480-1533","Pirckheimer, Willibald, 1470-1530",1525-12-31T00:00:00Z,1525,,"Klarissenkloster St Klara, Nuremberg, Bavaria, Germany","Nuremberg, Bavaria, Germany"
"15 Jan 1526: Pirckheimer, Sabina, 1482-1529 (Bergen Abbey, Bergen bei Neuburg, Neuburg an der Donau, Bavaria, Germany) to Pirckheimer, Willibald, 1470-1530 (Nuremberg, Bavaria, Germany)","Pirckheimer, Sabina, 1482-1529","Pirckheimer, Willibald, 1470-1530",1526-01-15T00:00:00Z,1526,,"Bergen Abbey, Bergen bei Neuburg, Neuburg an der Donau, Bavaria, Germany","Nuremberg, Bavaria, Germany"
"15 Jan 1526 to 31 Jan 1526: Pirckheimer, Eufemia, 1486-1547 (Bergen Abbey, Bergen bei Neuburg, Neuburg an der Donau, Bavaria, Germany) to Pirckheimer, Willibald, 1470-1530 (Nuremberg, Bavaria, Germany)","Pirckheimer, Eufemia, 1486-1547","Pirckheimer, Willibald, 1470-1530",1526-01-31T00:00:00Z,1526,,"Bergen Abbey, Bergen bei Neuburg, Neuburg an der Donau, Bavaria, Germany","Nuremberg, Bavaria, Germany"
"1 Feb 1526 to 10 Feb 1526: Pirckheimer, Sabina, 1482-1529 (Bergen Abbey, Bergen bei Neuburg, Neuburg an der Donau, Bavaria, Germany) to Pirckheimer, Willibald, 1470-1530 (Nuremberg, Bavaria, Germany)","Pirckheimer, Sabina, 1482-1529","Pirckheimer, Willibald, 1470-1530",1526-02-10T00:00:00Z,1526,,"Bergen Abbey, Bergen bei Neuburg, Neuburg an der Donau, Bavaria, Germany","Nuremberg, Bavaria, Germany"
"1 Feb 1526 to 10 Feb 1526: Pirckheimer, Eufemia, 1486-1547 (Bergen Abbey, Bergen bei Neuburg, Neuburg an der Donau, Bavaria, Germany) to Pirckheimer, Willibald, 1470-1530 (Nuremberg, Bavaria, Germany)","Pirckheimer, Eufemia, 1486-1547","Pirckheimer, Willibald, 1470-1530",1526-02-10T00:00:00Z,1526,,"Bergen Abbey, Bergen bei Neuburg, Neuburg an der Donau, Bavaria, Germany","Nuremberg, Bavaria, Germany"
"20 Feb 1526: Pirckheimer, Katharina (the elder), b.1476 (Geisenfeld Abbey, Geisenfeld, Bavaria, Germany) to Pirckheimer, Willibald, 1470-1530 (Nuremberg, Bavaria, Germany)","Pirckheimer, Katharina (the elder), b.1476","Pirckheimer, Willibald, 1470-1530",1526-02-20T00:00:00Z,1526,,"Geisenfeld Abbey, Geisenfeld, Bavaria, Germany","Nuremberg, Bavaria, Germany"
"1 Jan 1526 to 28 Feb 1526: Pirckheimer, Klara, 1480-1533 (Klarissenkloster St Klara, Nuremberg, Bavaria, Germany) to Pirckheimer, Willibald, 1470-1530 (Nuremberg, Bavaria, Germany)","Pirckheimer, Klara, 1480-1533","Pirckheimer, Willibald, 1470-1530",1526-02-28T00:00:00Z,1526,,"Klarissenkloster St Klara, Nuremberg, Bavaria, Germany","Nuremberg, Bavaria, Germany"
"1 Apr 1526: Pirckheimer, Klara, 1480-1533 (Klarissenkloster St Klara, Nuremberg, Bavaria, Germany) to Pirckheimer, Willibald, 1470-1530 (Nuremberg, Bavaria, Germany)","Pirckheimer, Klara, 1480-1533","Pirckheimer, Willibald, 1470-1530",1526-04-01T00:00:00Z,1526,,"Klarissenkloster St Klara, Nuremberg, Bavaria, Germany","Nuremberg, Bavaria, Germany"
"10 Jun 1526: Pirckheimer, Sabina, 1482-1529 (Bergen Abbey, Bergen bei Neuburg, Neuburg an der Donau, Bavaria, Germany) to Pirckheimer, Willibald, 1470-1530 (Nuremberg, Bavaria, Germany)","Pirckheimer, Sabina, 1482-1529","Pirckheimer, Willibald, 1470-1530",1526-06-10T00:00:00Z,1526,,"Bergen Abbey, Bergen bei Neuburg, Neuburg an der Donau, Bavaria, Germany","Nuremberg, Bavaria, Germany"
"4 Aug 1526: Pirckheimer, Sabina, 1482-1529 (Bergen Abbey, Bergen bei Neuburg, Neuburg an der Donau, Bavaria, Germany) to Pirckheimer, Willibald, 1470-1530 (Nuremberg, Bavaria, Germany)","Pirckheimer, Sabina, 1482-1529","Pirckheimer, Willibald, 1470-1530",1526-08-04T00:00:00Z,1526,,"Bergen Abbey, Bergen bei Neuburg, Neuburg an der Donau, Bavaria, Germany","Nuremberg, Bavaria, Germany"
"5 Oct 1526: Pirckheimer, Sabina, 1482-1529 (Bergen Abbey, Bergen bei Neuburg, Neuburg an der Donau, Bavaria, Germany) to Pirckheimer, Willibald, 1470-1530 (Nuremberg, Bavaria, Germany)","Pirckheimer, Sabina, 1482-1529","Pirckheimer, Willibald, 1470-1530",1526-10-05T00:00:00Z,1526,,"Bergen Abbey, Bergen bei Neuburg, Neuburg an der Donau, Bavaria, Germany","Nuremberg, Bavaria, Germany"
"1 Oct 1526 to 31 Oct 1526: Koler, Katharina, fl. 1526 (Katharinenkloster Nürnberg, Nuremberg, Bavaria, Germany) to Pirckheimer, Willibald, 1470-1530 (Nuremberg, Bavaria, Germany)","Koler, Katharina, fl. 1526","Pirckheimer, Willibald, 1470-1530",1526-10-31T00:00:00Z,1526,,"Katharinenkloster Nürnberg, Nuremberg, Bavaria, Germany","Nuremberg, Bavaria, Germany"
"1 Nov 1526 to 30 Nov 1526: Pirckheimer, Katharina (the younger), 1498-1563 (Klarissenkloster St Klara, Nuremberg, Bavaria, Germany) to Pirckheimer, Willibald, 1470-1530 (Nuremberg, Bavaria, Germany)","Pirckheimer, Katharina (the younger), 1498-1563","Pirckheimer, Willibald, 1470-1530",1526-11-30T00:00:00Z,1526,,"Klarissenkloster St Klara, Nuremberg, Bavaria, Germany","Nuremberg, Bavaria, Germany"
"17 Dec 1526 to 24 Dec 1526: Pirckheimer, Katharina (the younger), 1498-1563 (Klarissenkloster St Klara, Nuremberg, Bavaria, Germany) to Pirckheimer, Willibald, 1470-1530 (Nuremberg, Bavaria, Germany)","Pirckheimer, Katharina (the younger), 1498-1563","Pirckheimer, Willibald, 1470-1530",1526-12-24T00:00:00Z,1526,,"Klarissenkloster St Klara, Nuremberg, Bavaria, Germany","Nuremberg, Bavaria, Germany"
"15 Jan 1526 to 31 Dec 1526: Pirckheimer, Caritas (the younger), 1503-1554 (Bergen Abbey, Bergen bei Neuburg, Neuburg an der Donau, Bavaria, Germany) to Pirckheimer, Willibald, 1470-1530 (Nuremberg, Bavaria, Germany)","Pirckheimer, Caritas (the younger), 1503-1554","Pirckheimer, Willibald, 1470-1530",1526-12-31T00:00:00Z,1526,,"Bergen Abbey, Bergen bei Neuburg, Neuburg an der Donau, Bavaria, Germany","Nuremberg, Bavaria, Germany"
"22 Oct 1526 to 31 Dec 1526: Pirckheimer, Katharina (the younger), 1498-1563 (Klarissenkloster St Klara, Nuremberg, Bavaria, Germany) to Pirckheimer, Willibald, 1470-1530 (Nuremberg, Bavaria, Germany)","Pirckheimer, Katharina (the younger), 1498-1563","Pirckheimer, Willibald, 1470-1530",1526-12-31T00:00:00Z,1526,,"Klarissenkloster St Klara, Nuremberg, Bavaria, Germany","Nuremberg, Bavaria, Germany"
"11 Jan 1527: Pirckheimer, Katharina (the elder), b.1476 (Geisenfeld Abbey, Geisenfeld, Bavaria, Germany) to Pirckheimer, Willibald, 1470-1530 (Nuremberg, Bavaria, Germany)","Pirckheimer, Katharina (the elder), b.1476","Pirckheimer, Willibald, 1470-1530",1527-01-11T00:00:00Z,1527,,"Geisenfeld Abbey, Geisenfeld, Bavaria, Germany","Nuremberg, Bavaria, Germany"
"1 Jan 1527 to 15 Jan 1527: Pirckheimer, Eufemia, 1486-1547 (Bergen Abbey, Bergen bei Neuburg, Neuburg an der Donau, Bavaria, Germany) to Pirckheimer, Willibald, 1470-1530 (Nuremberg, Bavaria, Germany)","Pirckheimer, Eufemia, 1486-1547","Pirckheimer, Willibald, 1470-1530",1527-01-15T00:00:00Z,1527,,"Bergen Abbey, Bergen bei Neuburg, Neuburg an der Donau, Bavaria, Germany","Nuremberg, Bavaria, Germany"
"19 Feb 1527: Pirckheimer, Sabina, 1482-1529 (Bergen Abbey, Bergen bei Neuburg, Neuburg an der Donau, Bavaria, Germany) to Pirckheimer, Willibald, 1470-1530 (Nuremberg, Bavaria, Germany)","Pirckheimer, Sabina, 1482-1529","Pirckheimer, Willibald, 1470-1530",1527-02-19T00:00:00Z,1527,,"Bergen Abbey, Bergen bei Neuburg, Neuburg an der Donau, Bavaria, Germany","Nuremberg, Bavaria, Germany"
"19 Feb 1527: Pirckheimer, Eufemia, 1486-1547 (Bergen Abbey, Bergen bei Neuburg, Neuburg an der Donau, Bavaria, Germany) to Pirckheimer, Willibald, 1470-1530 (Nuremberg, Bavaria, Germany)","Pirckheimer, Eufemia, 1486-1547","Pirckheimer, Willibald, 1470-1530",1527-02-19T00:00:00Z,1527,,"Bergen Abbey, Bergen bei Neuburg, Neuburg an der Donau, Bavaria, Germany","Nuremberg, Bavaria, Germany"
"1 Jan 1527 to 28 Feb 1527: Pirckheimer, Klara, 1480-1533 (Klarissenkloster St Klara, Nuremberg, Bavaria, Germany) to Pirckheimer, Willibald, 1470-1530 (Nuremberg, Bavaria, Germany)","Pirckheimer, Klara, 1480-1533","Pirckheimer, Willibald, 1470-1530",1527-02-28T00:00:00Z,1527,,"Klarissenkloster St Klara, Nuremberg, Bavaria, Germany","Nuremberg, Bavaria, Germany"
"11 Mar 1527: Pirckheimer, Katharina (the elder), b.1476 (Geisenfeld Abbey, Geisenfeld, Bavaria, Germany) to Pirckheimer, Willibald, 1470-1530 (Nuremberg, Bavaria, Germany)","Pirckheimer, Katharina (the elder), b.1476","Pirckheimer, Willibald, 1470-1530",1527-03-11T00:00:00Z,1527,,"Geisenfeld Abbey, Geisenfeld, Bavaria, Germany","Nuremberg, Bavaria, Germany"
"12 Mar 1527: Pirckheimer, Sabina, 1482-1529 (Bergen Abbey, Bergen bei Neuburg, Neuburg an der Donau, Bavaria, Germany) to Pirckheimer, Willibald, 1470-1530 (Nuremberg, Bavaria, Germany)","Pirckheimer, Sabina, 1482-1529","Pirckheimer, Willibald, 1470-1530",1527-03-12T00:00:00Z,1527,,"Bergen Abbey, Bergen bei Neuburg, Neuburg an der Donau, Bavaria, Germany","Nuremberg, Bavaria, Germany"
"12 Mar 1527: Pirckheimer, Eufemia, 1486-1547 (Bergen Abbey, Bergen bei Neuburg, Neuburg an der Donau, Bavaria, Germany) to Pirckheimer, Willibald, 1470-1530 (Nuremberg, Bavaria, Germany)","Pirckheimer, Eufemia, 1486-1547","Pirckheimer, Willibald, 1470-1530",1527-03-12T00:00:00Z,1527,,"Bergen Abbey, Bergen bei Neuburg, Neuburg an der Donau, Bavaria, Germany","Nuremberg, Bavaria, Germany"
"6 Apr 1527: Pirckheimer, Sabina, 1482-1529 (Bergen Abbey, Bergen bei Neuburg, Neuburg an der Donau, Bavaria, Germany) to Pirckheimer, Willibald, 1470-1530 (Nuremberg, Bavaria, Germany)","Pirckheimer, Sabina, 1482-1529","Pirckheimer, Willibald, 1470-1530",1527-04-06T00:00:00Z,1527,,"Bergen Abbey, Bergen bei Neuburg, Neuburg an der Donau, Bavaria, Germany","Nuremberg, Bavaria, Germany"
"22 Apr 1527 to 29 Apr 1527: Pirckheimer, Klara, 1480-1533 (Klarissenkloster St Klara, Nuremberg, Bavaria, Germany) to Pirckheimer, Willibald, 1470-1530 (Nuremberg, Bavaria, Germany)","Pirckheimer, Klara, 1480-1533","Pirckheimer, Willibald, 1470-1530",1527-04-29T00:00:00Z,1527,,"Klarissenkloster St Klara, Nuremberg, Bavaria, Germany","Nuremberg, Bavaria, Germany"
"29 Apr 1527: Pirckheimer, Katharina (the elder), b.1476 (Geisenfeld Abbey, Geisenfeld, Bavaria, Germany) to Pirckheimer, Willibald, 1470-1530 (Nuremberg, Bavaria, Germany)","Pirckheimer, Katharina (the elder), b.1476","Pirckheimer, Willibald, 1470-1530",1527-04-29T00:00:00Z,1527,,"Geisenfeld Abbey, Geisenfeld, Bavaria, Germany","Nuremberg, Bavaria, Germany"
"1 May 1527: Pirckheimer, Sabina, 1482-1529 (Bergen Abbey, Bergen bei Neuburg, Neuburg an der Donau, Bavaria, Germany) to Pirckheimer, Willibald, 1470-1530 (Nuremberg, Bavaria, Germany)","Pirckheimer, Sabina, 1482-1529","Pirckheimer, Willibald, 1470-1530",1527-05-01T00:00:00Z,1527,,"Bergen Abbey, Bergen bei Neuburg, Neuburg an der Donau, Bavaria, Germany","Nuremberg, Bavaria, Germany"
"26 May 1527: Kreß, Magdalena, 1479-1548 (Kloster Pillenreuth, Pillenreuth, Nuremberg, Bavaria, Germany) to Pirckheimer, Willibald, 1470-1530 (Nuremberg, Bavaria, Germany)","Kreß, Magdalena, 1479-1548","Pirckheimer, Willibald, 1470-1530",1527-05-26T00:00:00Z,1527,,"Kloster Pillenreuth, Pillenreuth, Nuremberg, Bavaria, Germany","Nuremberg, Bavaria, Germany"
"24 Jun 1527: Pirckheimer, Katharina (the younger), 1498-1563 (Klarissenkloster St Klara, Nuremberg, Bavaria, Germany) to Pirckheimer, Willibald, 1470-1530 (Nuremberg, Bavaria, Germany)","Pirckheimer, Katharina (the younger), 1498-1563","Pirckheimer, Willibald, 1470-1530",1527-06-24T00:00:00Z,1527,,"Klarissenkloster St Klara, Nuremberg, Bavaria, Germany","Nuremberg, Bavaria, Germany"
"6 Jul 1527: Pirckheimer, Sabina, 1482-1529 (Bergen Abbey, Bergen bei Neuburg, Neuburg an der Donau, Bavaria, Germany) to Pirckheimer, Willibald, 1470-1530 (Nuremberg, Bavaria, Germany)","Pirckheimer, Sabina, 1482-1529","Pirckheimer, Willibald, 1470-1530",1527-07-06T00:00:00Z,1527,,"Bergen Abbey, Bergen bei Neuburg, Neuburg an der Donau, Bavaria, Germany","Nuremberg, Bavaria, Germany"
"1 Jun 1527 to 31 Jul 1527: Pirckheimer, Katharina (the younger), 1498-1563 (Klarissenkloster St Klara, Nuremberg, Bavaria, Germany) to Pirckheimer, Willibald, 1470-1530 (Nuremberg, Bavaria, Germany)","Pirckheimer, Katharina (the younger), 1498-1563","Pirckheimer, Willibald, 1470-1530",1527-07-31T00:00:00Z,1527,,"Klarissenkloster St Klara, Nuremberg, Bavaria, Germany","Nuremberg, Bavaria, Germany"
"28 Aug 1527: Pirckheimer, Sabina, 1482-1529 (Bergen Abbey, Bergen bei Neuburg, Neuburg an der Donau, Bavaria, Germany) to Pirckheimer, Willibald, 1470-1530 (Nuremberg, Bavaria, Germany)","Pirckheimer, Sabina, 1482-1529","Pirckheimer, Willibald, 1470-1530",1527-08-28T00:00:00Z,1527,,"Bergen Abbey, Bergen bei Neuburg, Neuburg an der Donau, Bavaria, Germany","Nuremberg, Bavaria, Germany"
"28 Aug 1527: Pirckheimer, Eufemia, 1486-1547 (Bergen Abbey, Bergen bei Neuburg, Neuburg an der Donau, Bavaria, Germany) to Pirckheimer, Willibald, 1470-1530 (Nuremberg, Bavaria, Germany)","Pirckheimer, Eufemia, 1486-1547","Pirckheimer, Willibald, 1470-1530",1527-08-28T00:00:00Z,1527,,"Bergen Abbey, Bergen bei Neuburg, Neuburg an der Donau, Bavaria, Germany","Nuremberg, Bavaria, Germany"
"22 Oct 1526 to 30 Sep 1527: Pirckheimer, Katharina (the younger), 1498-1563 (Klarissenkloster St Klara, Nuremberg, Bavaria, Germany) to Pirckheimer, Willibald, 1470-1530 (Nuremberg, Bavaria, Germany)","Pirckheimer, Katharina (the younger), 1498-1563","Pirckheimer, Willibald, 1470-1530",1527-09-30T00:00:00Z,1526,,"Klarissenkloster St Klara, Nuremberg, Bavaria, Germany","Nuremberg, Bavaria, Germany"
"1 Oct 1527 to 10 Oct 1527: Pirckheimer, Katharina (the younger), 1498-1563 (Klarissenkloster St Klara, Nuremberg, Bavaria, Germany) to Pirckheimer, Willibald, 1470-1530 (Nuremberg, Bavaria, Germany)","Pirckheimer, Katharina (the younger), 1498-1563","Pirckheimer, Willibald, 1470-1530",1527-10-10T00:00:00Z,1527,,"Klarissenkloster St Klara, Nuremberg, Bavaria, Germany","Nuremberg, Bavaria, Germany"
"25 Oct 1527: Grumbach, Argula von, 1492-1554 (Burggrumbach, Bavaria, Germany) to Hesperck, Geys von, fl. 1527","Grumbach, Argula von, 1492-1554","Hesperck, Geys von, fl. 1527",1527-10-25T00:00:00Z,1527,"Bayerisches Hauptstaatsarchiv, Staatlichen Archive Bayerns
Bayerisches Staatsarchiv München
Hauptstaatsarchiv, Geheimes Hausarchiv, Munich, München
Muenchen, Germany","Burggrumbach, Bavaria, Germany",
"20 Aug 1527 to 31 Dec 1527: Pirckheimer, Klara, 1480-1533 (Klarissenkloster St Klara, Nuremberg, Bavaria, Germany) to Pirckheimer, Willibald, 1470-1530 (Nuremberg, Bavaria, Germany)","Pirckheimer, Klara, 1480-1533","Pirckheimer, Willibald, 1470-1530",1527-12-31T00:00:00Z,1527,,"Klarissenkloster St Klara, Nuremberg, Bavaria, Germany","Nuremberg, Bavaria, Germany"
"5 Feb 1528: Pirckheimer, Sabina, 1482-1529 (Bergen Abbey, Bergen bei Neuburg, Neuburg an der Donau, Bavaria, Germany) to Pirckheimer, Willibald, 1470-1530 (Nuremberg, Bavaria, Germany)","Pirckheimer, Sabina, 1482-1529","Pirckheimer, Willibald, 1470-1530",1528-02-05T00:00:00Z,1528,,"Bergen Abbey, Bergen bei Neuburg, Neuburg an der Donau, Bavaria, Germany","Nuremberg, Bavaria, Germany"
"1 Aug 1521 to 30 Apr 1528: Pirckheimer, Sabina, 1482-1529 (Bergen Abbey, Bergen bei Neuburg, Neuburg an der Donau, Bavaria, Germany) to Pirckheimer, Willibald, 1470-1530 (Nuremberg, Bavaria, Germany)","Pirckheimer, Sabina, 1482-1529","Pirckheimer, Willibald, 1470-1530",1528-04-30T00:00:00Z,1521,,"Bergen Abbey, Bergen bei Neuburg, Neuburg an der Donau, Bavaria, Germany","Nuremberg, Bavaria, Germany"
"30 Apr 1528: Pirckheimer, Sabina, 1482-1529 (Bergen Abbey, Bergen bei Neuburg, Neuburg an der Donau, Bavaria, Germany) to Pirckheimer, Willibald, 1470-1530 (Nuremberg, Bavaria, Germany)","Pirckheimer, Sabina, 1482-1529","Pirckheimer, Willibald, 1470-1530",1528-04-30T00:00:00Z,1528,,"Bergen Abbey, Bergen bei Neuburg, Neuburg an der Donau, Bavaria, Germany","Nuremberg, Bavaria, Germany"
"23 Jun 1528: Pirckheimer, Caritas (the younger), 1503-1554 (Bergen Abbey, Bergen bei Neuburg, Neuburg an der Donau, Bavaria, Germany) to Pirckheimer, Willibald, 1470-1530 (Nuremberg, Bavaria, Germany)","Pirckheimer, Caritas (the younger), 1503-1554","Pirckheimer, Willibald, 1470-1530",1528-06-23T00:00:00Z,1528,,"Bergen Abbey, Bergen bei Neuburg, Neuburg an der Donau, Bavaria, Germany","Nuremberg, Bavaria, Germany"
"23 Jun 1528: Pirckheimer, Katharina (the elder), b.1476 (Geisenfeld Abbey, Geisenfeld, Bavaria, Germany) to Pirckheimer, Willibald, 1470-1530 (Nuremberg, Bavaria, Germany)","Pirckheimer, Katharina (the elder), b.1476","Pirckheimer, Willibald, 1470-1530",1528-06-23T00:00:00Z,1528,,"Geisenfeld Abbey, Geisenfeld, Bavaria, Germany","Nuremberg, Bavaria, Germany"
"8 Jul 1526 to 8 Jul 1528: Pirckheimer, Katharina (the younger), 1498-1563 (Klarissenkloster St Klara, Nuremberg, Bavaria, Germany) to Pirckheimer, Willibald, 1470-1530 (Nuremberg, Bavaria, Germany)","Pirckheimer, Katharina (the younger), 1498-1563","Pirckheimer, Willibald, 1470-1530",1528-07-08T00:00:00Z,1526,,"Klarissenkloster St Klara, Nuremberg, Bavaria, Germany","Nuremberg, Bavaria, Germany"
"1 Jul 1528 to 31 Jul 1528: Pirckheimer, Katharina (the younger), 1498-1563 (Klarissenkloster St Klara, Nuremberg, Bavaria, Germany) to Pirckheimer, Willibald, 1470-1530 (Nuremberg, Bavaria, Germany)","Pirckheimer, Katharina (the younger), 1498-1563","Pirckheimer, Willibald, 1470-1530",1528-07-31T00:00:00Z,1528,,"Klarissenkloster St Klara, Nuremberg, Bavaria, Germany","Nuremberg, Bavaria, Germany"
"1 Jul 1528 to 31 Jul 1528: Pirckheimer, Eufemia, 1486-1547 (Bergen Abbey, Bergen bei Neuburg, Neuburg an der Donau, Bavaria, Germany) to Pirckheimer, Willibald, 1470-1530 (Nuremberg, Bavaria, Germany)","Pirckheimer, Eufemia, 1486-1547","Pirckheimer, Willibald, 1470-1530",1528-07-31T00:00:00Z,1528,,"Bergen Abbey, Bergen bei Neuburg, Neuburg an der Donau, Bavaria, Germany","Nuremberg, Bavaria, Germany"
"9 Aug 1528 to 16 Aug 1528: Pirckheimer, Katharina (the younger), 1498-1563 (Klarissenkloster St Klara, Nuremberg, Bavaria, Germany) to Pirckheimer, Willibald, 1470-1530 (Nuremberg, Bavaria, Germany)","Pirckheimer, Katharina (the younger), 1498-1563","Pirckheimer, Willibald, 1470-1530",1528-08-16T00:00:00Z,1528,,"Klarissenkloster St Klara, Nuremberg, Bavaria, Germany","Nuremberg, Bavaria, Germany"
"4 Sep 1528: Pirckheimer, Sabina, 1482-1529 (Bergen Abbey, Bergen bei Neuburg, Neuburg an der Donau, Bavaria, Germany) to Pirckheimer, Willibald, 1470-1530 (Nuremberg, Bavaria, Germany)","Pirckheimer, Sabina, 1482-1529","Pirckheimer, Willibald, 1470-1530",1528-09-04T00:00:00Z,1528,,"Bergen Abbey, Bergen bei Neuburg, Neuburg an der Donau, Bavaria, Germany","Nuremberg, Bavaria, Germany"
"30 Oct 1528: Pirckheimer, Katharina (the elder), b.1476 (Geisenfeld Abbey, Geisenfeld, Bavaria, Germany) to Pirckheimer, Willibald, 1470-1530 (Nuremberg, Bavaria, Germany)","Pirckheimer, Katharina (the elder), b.1476","Pirckheimer, Willibald, 1470-1530",1528-10-30T00:00:00Z,1528,,"Geisenfeld Abbey, Geisenfeld, Bavaria, Germany","Nuremberg, Bavaria, Germany"
"8 Nov 1528: Pirckheimer, Caritas, 1467-1532 ~ Klarissenkloster St Klara, Nuremberg, nuns of (Nuremberg, Bavaria, Germany) to Hohenzollern, Georg von, 1484-1543","Klarissenkloster St Klara, Nuremberg, nuns of; Pirckheimer, Caritas, 1467-1532","Hohenzollern, Georg von, 1484-1543",1528-11-08T00:00:00Z,1528,,"Nuremberg, Bavaria, Germany",
"20 Nov 1528 to 30 Nov 1528: Pirckheimer, Katharina (the younger), 1498-1563 (Klarissenkloster St Klara, Nuremberg, Bavaria, Germany) to Pirckheimer, Willibald, 1470-1530 (Nuremberg, Bavaria, Germany)","Pirckheimer, Katharina (the younger), 1498-1563","Pirckheimer, Willibald, 1470-1530",1528-11-30T00:00:00Z,1528,,"Klarissenkloster St Klara, Nuremberg, Bavaria, Germany","Nuremberg, Bavaria, Germany"
"29 Dec 1528: Pirckheimer, Katharina (the elder), b.1476 (Geisenfeld Abbey, Geisenfeld, Bavaria, Germany) to Pirckheimer, Willibald, 1470-1530 (Nuremberg, Bavaria, Germany)","Pirckheimer, Katharina (the elder), b.1476","Pirckheimer, Willibald, 1470-1530",1528-12-29T00:00:00Z,1528,,"Geisenfeld Abbey, Geisenfeld, Bavaria, Germany","Nuremberg, Bavaria, Germany"
"29 Dec 1528 to 3 Jan 1529: Pirckheimer, Katharina (the younger), 1498-1563 (Klarissenkloster St Klara, Nuremberg, Bavaria, Germany) to Pirckheimer, Willibald, 1470-1530 (Nuremberg, Bavaria, Germany)","Pirckheimer, Katharina (the younger), 1498-1563","Pirckheimer, Willibald, 1470-1530",1529-01-03T00:00:00Z,1528,,"Klarissenkloster St Klara, Nuremberg, Bavaria, Germany","Nuremberg, Bavaria, Germany"
"4 Feb 1529: Pirckheimer, Sabina, 1482-1529 (Bergen Abbey, Bergen bei Neuburg, Neuburg an der Donau, Bavaria, Germany) to Pirckheimer, Willibald, 1470-1530 (Nuremberg, Bavaria, Germany)","Pirckheimer, Sabina, 1482-1529","Pirckheimer, Willibald, 1470-1530",1529-02-04T00:00:00Z,1529,,"Bergen Abbey, Bergen bei Neuburg, Neuburg an der Donau, Bavaria, Germany","Nuremberg, Bavaria, Germany"
"27 Mar 1529: Pirckheimer, Katharina (the younger), 1498-1563 (Klarissenkloster St Klara, Nuremberg, Bavaria, Germany) to Pirckheimer, Willibald, 1470-1530 (Nuremberg, Bavaria, Germany)","Pirckheimer, Katharina (the younger), 1498-1563","Pirckheimer, Willibald, 1470-1530",1529-03-27T00:00:00Z,1529,,"Klarissenkloster St Klara, Nuremberg, Bavaria, Germany","Nuremberg, Bavaria, Germany"
"29 Mar 1529: Pirckheimer, Katharina (the younger), 1498-1563 (Klarissenkloster St Klara, Nuremberg, Bavaria, Germany) to Pirckheimer, Willibald, 1470-1530 (Nuremberg, Bavaria, Germany)","Pirckheimer, Katharina (the younger), 1498-1563","Pirckheimer, Willibald, 1470-1530",1529-03-29T00:00:00Z,1529,,"Klarissenkloster St Klara, Nuremberg, Bavaria, Germany","Nuremberg, Bavaria, Germany"
"1 Mar 1529 to 30 Apr 1529: Pirckheimer, Caritas (the younger), 1503-1554 (Bergen Abbey, Bergen bei Neuburg, Neuburg an der Donau, Bavaria, Germany) to Pirckheimer, Willibald, 1470-1530 (Nuremberg, Bavaria, Germany)","Pirckheimer, Caritas (the younger), 1503-1554","Pirckheimer, Willibald, 1470-1530",1529-04-30T00:00:00Z,1529,,"Bergen Abbey, Bergen bei Neuburg, Neuburg an der Donau, Bavaria, Germany","Nuremberg, Bavaria, Germany"
"19 Jun 1529: Pirckheimer, Sabina, 1482-1529 (Bergen Abbey, Bergen bei Neuburg, Neuburg an der Donau, Bavaria, Germany) to Pirckheimer, Willibald, 1470-1530 (Nuremberg, Bavaria, Germany)","Pirckheimer, Sabina, 1482-1529","Pirckheimer, Willibald, 1470-1530",1529-06-19T00:00:00Z,1529,,"Bergen Abbey, Bergen bei Neuburg, Neuburg an der Donau, Bavaria, Germany","Nuremberg, Bavaria, Germany"
"23 Jun 1529: Pirckheimer, Katharina (the younger), 1498-1563 (Klarissenkloster St Klara, Nuremberg, Bavaria, Germany) to Pirckheimer, Willibald, 1470-1530 (Nuremberg, Bavaria, Germany)","Pirckheimer, Katharina (the younger), 1498-1563","Pirckheimer, Willibald, 1470-1530",1529-06-23T00:00:00Z,1529,,"Klarissenkloster St Klara, Nuremberg, Bavaria, Germany","Nuremberg, Bavaria, Germany"
"20 Jun 1529 to 30 Jun 1529: Pirckheimer, Katharina (the younger), 1498-1563 (Klarissenkloster St Klara, Nuremberg, Bavaria, Germany) to Pirckheimer, Willibald, 1470-1530 (Nuremberg, Bavaria, Germany)","Pirckheimer, Katharina (the younger), 1498-1563","Pirckheimer, Willibald, 1470-1530",1529-06-30T00:00:00Z,1529,,"Klarissenkloster St Klara, Nuremberg, Bavaria, Germany","Nuremberg, Bavaria, Germany"
"8 Jul 1524 to 20 Jul 1529: Pirckheimer, Katharina (the younger), 1498-1563 (Klarissenkloster St Klara, Nuremberg, Bavaria, Germany) to Pirckheimer, Willibald, 1470-1530 (Nuremberg, Bavaria, Germany)","Pirckheimer, Katharina (the younger), 1498-1563","Pirckheimer, Willibald, 1470-1530",1529-07-20T00:00:00Z,1524,,"Klarissenkloster St Klara, Nuremberg, Bavaria, Germany","Nuremberg, Bavaria, Germany"
"26 Jul 1529: Pirckheimer, Katharina (the younger), 1498-1563 (Klarissenkloster St Klara, Nuremberg, Bavaria, Germany) to Pirckheimer, Willibald, 1470-1530 (Nuremberg, Bavaria, Germany)","Pirckheimer, Katharina (the younger), 1498-1563","Pirckheimer, Willibald, 1470-1530",1529-07-26T00:00:00Z,1529,,"Klarissenkloster St Klara, Nuremberg, Bavaria, Germany","Nuremberg, Bavaria, Germany"
"1 Jul 1529 to 31 Jul 1529: Pirckheimer, Caritas (the younger), 1503-1554 (Bergen Abbey, Bergen bei Neuburg, Neuburg an der Donau, Bavaria, Germany) to Pirckheimer, Willibald, 1470-1530 (Nuremberg, Bavaria, Germany)","Pirckheimer, Caritas (the younger), 1503-1554","Pirckheimer, Willibald, 1470-1530",1529-07-31T00:00:00Z,1529,,"Bergen Abbey, Bergen bei Neuburg, Neuburg an der Donau, Bavaria, Germany","Nuremberg, Bavaria, Germany"
"23 Jul 1529 to 31 Jul 1529: Pirckheimer, Klara, 1480-1533 (Klarissenkloster St Klara, Nuremberg, Bavaria, Germany) to Pirckheimer, Willibald, 1470-1530 (Nuremberg, Bavaria, Germany)","Pirckheimer, Klara, 1480-1533","Pirckheimer, Willibald, 1470-1530",1529-07-31T00:00:00Z,1529,,"Klarissenkloster St Klara, Nuremberg, Bavaria, Germany","Nuremberg, Bavaria, Germany"
"20 Aug 1529: Pirckheimer, Sabina, 1482-1529 (Bergen Abbey, Bergen bei Neuburg, Neuburg an der Donau, Bavaria, Germany) to Pirckheimer, Willibald, 1470-1530 (Nuremberg, Bavaria, Germany)","Pirckheimer, Sabina, 1482-1529","Pirckheimer, Willibald, 1470-1530",1529-08-20T00:00:00Z,1529,,"Bergen Abbey, Bergen bei Neuburg, Neuburg an der Donau, Bavaria, Germany","Nuremberg, Bavaria, Germany"
"28 Oct 1529: Pirckheimer, Sabina, 1482-1529 (Bergen Abbey, Bergen bei Neuburg, Neuburg an der Donau, Bavaria, Germany) to Pirckheimer, Willibald, 1470-1530 (Nuremberg, Bavaria, Germany)","Pirckheimer, Sabina, 1482-1529","Pirckheimer, Willibald, 1470-1530",1529-10-28T00:00:00Z,1529,,"Bergen Abbey, Bergen bei Neuburg, Neuburg an der Donau, Bavaria, Germany","Nuremberg, Bavaria, Germany"
"6 Nov 1529: Pirckheimer, Sabina, 1482-1529 (Bergen Abbey, Bergen bei Neuburg, Neuburg an der Donau, Bavaria, Germany) to Pirckheimer, Willibald, 1470-1530 (Nuremberg, Bavaria, Germany)","Pirckheimer, Sabina, 1482-1529","Pirckheimer, Willibald, 1470-1530",1529-11-06T00:00:00Z,1529,,"Bergen Abbey, Bergen bei Neuburg, Neuburg an der Donau, Bavaria, Germany","Nuremberg, Bavaria, Germany"
"11 Nov 1529 to 12 Nov 1529: Pirckheimer, Katharina (the younger), 1498-1563 (Klarissenkloster St Klara, Nuremberg, Bavaria, Germany) to Pirckheimer, Willibald, 1470-1530 (Nuremberg, Bavaria, Germany)","Pirckheimer, Katharina (the younger), 1498-1563","Pirckheimer, Willibald, 1470-1530",1529-11-12T00:00:00Z,1529,,"Klarissenkloster St Klara, Nuremberg, Bavaria, Germany","Nuremberg, Bavaria, Germany"
"12 Dec 1529: Rauch, Margaretha, fl. 1519-1529 (Ansbach, Bavaria, Germany) to Pirckheimer, Willibald, 1470-1530 (Nuremberg, Bavaria, Germany)","Rauch, Margaretha, fl. 1519-1529","Pirckheimer, Willibald, 1470-1530",1529-12-12T00:00:00Z,1529,,"Ansbach, Bavaria, Germany","Nuremberg, Bavaria, Germany"
"24 Dec 1529: Murr, Brigitta von, fl. 1498-1521 (Bergen Abbey, Bergen bei Neuburg, Neuburg an der Donau, Bavaria, Germany) to Pirckheimer, Willibald, 1470-1530 (Nuremberg, Bavaria, Germany)","Murr, Brigitta von, fl. 1498-1521","Pirckheimer, Willibald, 1470-1530",1529-12-24T00:00:00Z,1529,,"Bergen Abbey, Bergen bei Neuburg, Neuburg an der Donau, Bavaria, Germany","Nuremberg, Bavaria, Germany"
"29 Dec 1529 to 31 Dec 1529: Pirckheimer, Katharina (the younger), 1498-1563 (Klarissenkloster St Klara, Nuremberg, Bavaria, Germany) to Pirckheimer, Willibald, 1470-1530 (Nuremberg, Bavaria, Germany)","Pirckheimer, Katharina (the younger), 1498-1563","Pirckheimer, Willibald, 1470-1530",1529-12-31T00:00:00Z,1529,,"Klarissenkloster St Klara, Nuremberg, Bavaria, Germany","Nuremberg, Bavaria, Germany"
"4 Jan 1530: Pirckheimer, Eufemia, 1486-1547 (Bergen Abbey, Bergen bei Neuburg, Neuburg an der Donau, Bavaria, Germany) to Pirckheimer, Willibald, 1470-1530 (Nuremberg, Bavaria, Germany)","Pirckheimer, Eufemia, 1486-1547","Pirckheimer, Willibald, 1470-1530",1530-01-04T00:00:00Z,1530,,"Bergen Abbey, Bergen bei Neuburg, Neuburg an der Donau, Bavaria, Germany","Nuremberg, Bavaria, Germany"
"7 Jan 1530: Pirckheimer, Katharina (the elder), b.1476 (Geisenfeld Abbey, Geisenfeld, Bavaria, Germany) to Pirckheimer, Willibald, 1470-1530 (Nuremberg, Bavaria, Germany)","Pirckheimer, Katharina (the elder), b.1476","Pirckheimer, Willibald, 1470-1530",1530-01-07T00:00:00Z,1530,,"Geisenfeld Abbey, Geisenfeld, Bavaria, Germany","Nuremberg, Bavaria, Germany"
"28 Jan 1530: Pirckheimer, Katharina (the elder), b.1476 (Geisenfeld Abbey, Geisenfeld, Bavaria, Germany) to Pirckheimer, Willibald, 1470-1530 (Nuremberg, Bavaria, Germany)","Pirckheimer, Katharina (the elder), b.1476","Pirckheimer, Willibald, 1470-1530",1530-01-28T00:00:00Z,1530,,"Geisenfeld Abbey, Geisenfeld, Bavaria, Germany","Nuremberg, Bavaria, Germany"
"7 Feb 1530: Pirckheimer, Eufemia, 1486-1547 (Bergen Abbey, Bergen bei Neuburg, Neuburg an der Donau, Bavaria, Germany) to Pirckheimer, Willibald, 1470-1530 (Nuremberg, Bavaria, Germany)","Pirckheimer, Eufemia, 1486-1547","Pirckheimer, Willibald, 1470-1530",1530-02-07T00:00:00Z,1530,,"Bergen Abbey, Bergen bei Neuburg, Neuburg an der Donau, Bavaria, Germany","Nuremberg, Bavaria, Germany"
"16 Feb 1530: Pirckheimer, Katharina (the elder), b.1476 (Geisenfeld Abbey, Geisenfeld, Bavaria, Germany) to Pirckheimer, Willibald, 1470-1530 (Nuremberg, Bavaria, Germany)","Pirckheimer, Katharina (the elder), b.1476","Pirckheimer, Willibald, 1470-1530",1530-02-16T00:00:00Z,1530,,"Geisenfeld Abbey, Geisenfeld, Bavaria, Germany","Nuremberg, Bavaria, Germany"
"12 Mar 1530: Pirckheimer, Katharina (the elder), b.1476 (Geisenfeld Abbey, Geisenfeld, Bavaria, Germany) to Pirckheimer, Willibald, 1470-1530 (Nuremberg, Bavaria, Germany)","Pirckheimer, Katharina (the elder), b.1476","Pirckheimer, Willibald, 1470-1530",1530-03-12T00:00:00Z,1530,,"Geisenfeld Abbey, Geisenfeld, Bavaria, Germany","Nuremberg, Bavaria, Germany"
"20 Mar 1527 to 20 Mar 1530: Pirckheimer, Katharina (the younger), 1498-1563 (Klarissenkloster St Klara, Nuremberg, Bavaria, Germany) to Pirckheimer, Willibald, 1470-1530 (Nuremberg, Bavaria, Germany)","Pirckheimer, Katharina (the younger), 1498-1563","Pirckheimer, Willibald, 1470-1530",1530-03-20T00:00:00Z,1527,,"Klarissenkloster St Klara, Nuremberg, Bavaria, Germany","Nuremberg, Bavaria, Germany"
"3 Apr 1530: Pirckheimer, Katharina (the elder), b.1476 (Geisenfeld Abbey, Geisenfeld, Bavaria, Germany) to Pirckheimer, Willibald, 1470-1530 (Nuremberg, Bavaria, Germany)","Pirckheimer, Katharina (the elder), b.1476","Pirckheimer, Willibald, 1470-1530",1530-04-03T00:00:00Z,1530,,"Geisenfeld Abbey, Geisenfeld, Bavaria, Germany","Nuremberg, Bavaria, Germany"
"13 Nov 1530: Pirckheimer, Eufemia, 1486-1547 (Bergen Abbey, Bergen bei Neuburg, Neuburg an der Donau, Bavaria, Germany) to Pirckheimer, Willibald, 1470-1530 (Nuremberg, Bavaria, Germany)","Pirckheimer, Eufemia, 1486-1547","Pirckheimer, Willibald, 1470-1530",1530-11-13T00:00:00Z,1530,,"Bergen Abbey, Bergen bei Neuburg, Neuburg an der Donau, Bavaria, Germany","Nuremberg, Bavaria, Germany"
"13 Nov 1530: Pirckheimer, Caritas (the younger), 1503-1554 (Bergen Abbey, Bergen bei Neuburg, Neuburg an der Donau, Bavaria, Germany) to Pirckheimer, Willibald, 1470-1530 (Nuremberg, Bavaria, Germany)","Pirckheimer, Caritas (the younger), 1503-1554","Pirckheimer, Willibald, 1470-1530",1530-11-13T00:00:00Z,1530,,"Bergen Abbey, Bergen bei Neuburg, Neuburg an der Donau, Bavaria, Germany","Nuremberg, Bavaria, Germany"
"1 Nov 1513 to 21 Dec 1530: Pirckheimer, Katharina (the younger), 1498-1563 (Klarissenkloster St Klara, Nuremberg, Bavaria, Germany) to Pirckheimer, Willibald, 1470-1530 (Augsburg, Bavaria, Germany)","Pirckheimer, Katharina (the younger), 1498-1563","Pirckheimer, Willibald, 1470-1530",1530-12-21T00:00:00Z,1513,,"Klarissenkloster St Klara, Nuremberg, Bavaria, Germany","Augsburg, Bavaria, Germany"
"1 Mar 1524 to 21 Dec 1530: Pirckheimer, Katharina (the younger), 1498-1563 (Klarissenkloster St Klara, Nuremberg, Bavaria, Germany) to Pirckheimer, Willibald, 1470-1530 (Nuremberg, Bavaria, Germany)","Pirckheimer, Katharina (the younger), 1498-1563","Pirckheimer, Willibald, 1470-1530",1530-12-21T00:00:00Z,1524,,"Klarissenkloster St Klara, Nuremberg, Bavaria, Germany","Nuremberg, Bavaria, Germany"
"3 Dec 1533: Grumbach, Argula von, 1492-1554 (Ingolstadt, Bavaria, Germany, (Holy Roman Empire)) to Leonrod, Frederick von, 1483-1539","Grumbach, Argula von, 1492-1554","Leonrod, Frederick von, 1483-1539",1533-12-03T00:00:00Z,1533,"Bayerisches Hauptstaatsarchiv, Staatlichen Archive Bayerns
Bayerisches Staatsarchiv München
Hauptstaatsarchiv, Geheimes Hausarchiv, Munich, München
Muenchen, Germany","Ingolstadt, Bavaria, Germany, (Holy Roman Empire)",
"24 Apr 1538: Grumbach, Argula von, 1492-1554 (Lenting, Bavaria, Germany) to Grumbach, Hans-Jörg von, d.1542","Grumbach, Argula von, 1492-1554","Grumbach, Hans-Jörg von, d.1542",1538-04-24T00:00:00Z,1538,"Bayerisches Hauptstaatsarchiv, Staatlichen Archive Bayerns
Bayerisches Staatsarchiv München
Hauptstaatsarchiv, Geheimes Hausarchiv, Munich, München
Muenchen, Germany","Lenting, Bavaria, Germany",
